cou,Sector_name,stri_score,all_average,Grid
"AUS",".",,,"STRI2023"
"AUS","Legal services",.1403131,.3353473,"STRI2023"
"AUS","Road freight transport",.0965571,.2133213,"STRI2023"
"AUS","Rail freight transport",.1367301,.3009113,"STRI2023"
"AUS","Accounting services",.1678777,.3165244,"STRI2023"
"AUS","..............",,,"STRI2023"
"AUS","Insurance",.1686073,.2089682,"STRI2023"
"AUS","Freight-forwarding",.1757576,.2006892,"STRI2023"
"AUS","Architecture services",.2004956,.2262807,"STRI2023"
"AUS","Courier services",.3579918,.2598246,"STRI2023"
"AUS","..",,,"STRI2023"
"AUT",".",,,"STRI2023"
"AUT","Courier services",.1203555,.2598246,"STRI2023"
"AUT","Rail freight transport",.17188,.3009113,"STRI2023"
"AUT","Commercial banking",.1738832,.2254845,"STRI2023"
"AUT","Telecommunication",.1883908,.2288898,"STRI2023"
"AUT","..............",,,"STRI2023"
"AUT","Architecture services",.2640235,.2262807,"STRI2023"
"AUT","Freight-forwarding",.2363636,.2006892,"STRI2023"
"AUT","Broadcasting",.3483358,.2947994,"STRI2023"
"AUT","Engineering services",.2532687,.2072272,"STRI2023"
"AUT","..",,,"STRI2023"
"BEL",".",,,"STRI2023"
"BEL","Legal services",.2045178,.3353473,"STRI2023"
"BEL","Rail freight transport",.213802,.3009113,"STRI2023"
"BEL","Broadcasting",.2246085,.2947994,"STRI2023"
"BEL","Insurance",.1736983,.2089682,"STRI2023"
"BEL","..............",,,"STRI2023"
"BEL","Accounting services",.3887375,.3165244,"STRI2023"
"BEL","Sound recording",.2591493,.1937993,"STRI2023"
"BEL","Computer services",.2709283,.1986697,"STRI2023"
"BEL","Architecture services",.3095292,.2262807,"STRI2023"
"BEL","..",,,"STRI2023"
"BRA",".",,,"STRI2023"
"BRA","Air transport",.2065682,.4015115,"STRI2023"
"BRA","Rail freight transport",.2118672,.3009113,"STRI2023"
"BRA","Architecture services",.1811219,.2262807,"STRI2023"
"BRA","Freight-forwarding",.1769697,.2006892,"STRI2023"
"BRA","..............",,,"STRI2023"
"BRA","Insurance",.3093654,.2089682,"STRI2023"
"BRA","Broadcasting",.4371524,.2947994,"STRI2023"
"BRA","Motion pictures",.3109762,.1948869,"STRI2023"
"BRA","Courier services",.4948331,.2598246,"STRI2023"
"BRA","..",,,"STRI2023"
"CAN",".",,,"STRI2023"
"CAN","Rail freight transport",.1257659,.3009113,"STRI2023"
"CAN","Legal services",.1675883,.3353473,"STRI2023"
"CAN","Storage and warehouse",.1611775,.2236967,"STRI2023"
"CAN","Road freight transport",.156614,.2133213,"STRI2023"
"CAN","..............",,,"STRI2023"
"CAN","Motion pictures",.2019974,.1948869,"STRI2023"
"CAN","Distribution services",.2266639,.1873185,"STRI2023"
"CAN","Telecommunication",.2857859,.2288898,"STRI2023"
"CAN","Courier services",.3656873,.2598246,"STRI2023"
"CAN","..",,,"STRI2023"
"CHE",".",,,"STRI2023"
"CHE","Legal services",.2775331,.3353473,"STRI2023"
"CHE","Rail freight transport",.2508868,.3009113,"STRI2023"
"CHE","Architecture services",.1948637,.2262807,"STRI2023"
"CHE","Distribution services",.1658192,.1873185,"STRI2023"
"CHE","..............",,,"STRI2023"
"CHE","Broadcasting",.3594592,.2947994,"STRI2023"
"CHE","Computer services",.2424793,.1986697,"STRI2023"
"CHE","Freight-forwarding",.2484848,.2006892,"STRI2023"
"CHE","Courier services",.3573706,.2598246,"STRI2023"
"CHE","..",,,"STRI2023"
"CHL",".",,,"STRI2023"
"CHL","Accounting services",.1058129,.3165244,"STRI2023"
"CHL","Legal services",.1215672,.3353473,"STRI2023"
"CHL","Air transport",.150065,.4015115,"STRI2023"
"CHL","Architecture services",.1432755,.2262807,"STRI2023"
"CHL","..............",,,"STRI2023"
"CHL","Customs brokerage",.1881492,.2046742,"STRI2023"
"CHL","Telecommunication",.2234682,.2288898,"STRI2023"
"CHL","Broadcasting",.2993069,.2947994,"STRI2023"
"CHL","Courier services",.4564016,.2598246,"STRI2023"
"CHL","..",,,"STRI2023"
"CHN",".",,,"STRI2023"
"CHN","Road freight transport",.1465183,.2133213,"STRI2023"
"CHN","Architecture services",.1610723,.2262807,"STRI2023"
"CHN","Engineering services",.1643372,.2072272,"STRI2023"
"CHN","Rail freight transport",.2492744,.3009113,"STRI2023"
"CHN","..............",,,"STRI2023"
"CHN","Sound recording",.4885152,.1937993,"STRI2023"
"CHN","Motion pictures",.5169882,.1948869,"STRI2023"
"CHN","Telecommunication",.6083785,.2288898,"STRI2023"
"CHN","Courier services",.7560895,.2598246,"STRI2023"
"CHN","..",,,"STRI2023"
"COL",".",,,"STRI2023"
"COL","Legal services",.1293467,.3353473,"STRI2023"
"COL","Accounting services",.2031486,.3165244,"STRI2023"
"COL","Air transport",.2627,.4015115,"STRI2023"
"COL","Rail freight transport",.2060626,.3009113,"STRI2023"
"COL","..............",,,"STRI2023"
"COL","Customs brokerage",.2448064,.2046742,"STRI2023"
"COL","Commercial banking",.2701031,.2254845,"STRI2023"
"COL","Freight-forwarding",.2569697,.2006892,"STRI2023"
"COL","Broadcasting",.6277916,.2947994,"STRI2023"
"COL","..",,,"STRI2023"
"CRI",".",,,"STRI2023"
"CRI","Legal services",.0889493,.3353473,"STRI2023"
"CRI","Air transport",.2202032,.4015115,"STRI2023"
"CRI","Courier services",.1474122,.2598246,"STRI2023"
"CRI","Commercial banking",.1484536,.2254845,"STRI2023"
"CRI","..............",,,"STRI2023"
"CRI","Freight-forwarding",.2133333,.2006892,"STRI2023"
"CRI","Storage and warehouse",.2432082,.2236967,"STRI2023"
"CRI","Cargo-handling",.2622245,.2305399,"STRI2023"
"CRI","Road freight transport",.2913539,.2133213,"STRI2023"
"CRI","..",,,"STRI2023"
"CZE",".",,,"STRI2023"
"CZE","Courier services",.0966707,.2598246,"STRI2023"
"CZE","Commercial banking",.0886598,.2254845,"STRI2023"
"CZE","Storage and warehouse",.0931741,.2236967,"STRI2023"
"CZE","Accounting services",.1336664,.3165244,"STRI2023"
"CZE","..............",,,"STRI2023"
"CZE","Construction",.1577577,.2187966,"STRI2023"
"CZE","Engineering services",.1543057,.2072272,"STRI2023"
"CZE","Legal services",.253632,.3353473,"STRI2023"
"CZE","Air transport",.3958405,.4015115,"STRI2023"
"CZE","..",,,"STRI2023"
"DEU",".",,,"STRI2023"
"DEU","Courier services",.1023505,.2598246,"STRI2023"
"DEU","Insurance",.1044911,.2089682,"STRI2023"
"DEU","Telecommunication",.1185541,.2288898,"STRI2023"
"DEU","Accounting services",.1721162,.3165244,"STRI2023"
"DEU","..............",,,"STRI2023"
"DEU","Distribution services",.1505884,.1873185,"STRI2023"
"DEU","Computer services",.1601619,.1986697,"STRI2023"
"DEU","Air transport",.3729475,.4015115,"STRI2023"
"DEU","Road freight transport",.2026922,.2133213,"STRI2023"
"DEU","..",,,"STRI2023"
"DNK",".",,,"STRI2023"
"DNK","Broadcasting",.1475143,.2947994,"STRI2023"
"DNK","Telecommunication",.1161279,.2288898,"STRI2023"
"DNK","Rail freight transport",.1534989,.3009113,"STRI2023"
"DNK","Courier services",.1392772,.2598246,"STRI2023"
"DNK","..............",,,"STRI2023"
"DNK","Computer services",.1719449,.1986697,"STRI2023"
"DNK","Road freight transport",.1914315,.2133213,"STRI2023"
"DNK","Air transport",.3756798,.4015115,"STRI2023"
"DNK","Sound recording",.201121,.1937993,"STRI2023"
"DNK","..",,,"STRI2023"
"ESP",".",,,"STRI2023"
"ESP","Commercial banking",.0460481,.2254845,"STRI2023"
"ESP","Cargo-handling",.085888,.2305399,"STRI2023"
"ESP","Sound recording",.0764919,.1937993,"STRI2023"
"ESP","Telecommunication",.0909985,.2288898,"STRI2023"
"ESP","..............",,,"STRI2023"
"ESP","Distribution services",.1276029,.1873185,"STRI2023"
"ESP","Accounting services",.2282773,.3165244,"STRI2023"
"ESP","Road freight transport",.1571318,.2133213,"STRI2023"
"ESP","Air transport",.3501605,.4015115,"STRI2023"
"ESP","..",,,"STRI2023"
"EST",".",,,"STRI2023"
"EST","Insurance",.0588487,.2089682,"STRI2023"
"EST","Courier services",.1458736,.2598246,"STRI2023"
"EST","Storage and warehouse",.1310751,.2236967,"STRI2023"
"EST","Telecommunication",.1433759,.2288898,"STRI2023"
"EST","..............",,,"STRI2023"
"EST","Maritime transport",.2815661,.2596248,"STRI2023"
"EST","Construction",.2429138,.2187966,"STRI2023"
"EST","Legal services",.4143781,.3353473,"STRI2023"
"EST","Architecture services",.2951115,.2262807,"STRI2023"
"EST","..",,,"STRI2023"
"FIN",".",,,"STRI2023"
"FIN","Legal services",.1266285,.3353473,"STRI2023"
"FIN","Accounting services",.2129882,.3165244,"STRI2023"
"FIN","Telecommunication",.1765851,.2288898,"STRI2023"
"FIN","Architecture services",.1790944,.2262807,"STRI2023"
"FIN","..............",,,"STRI2023"
"FIN","Cargo-handling",.2551305,.2305399,"STRI2023"
"FIN","Road freight transport",.2451463,.2133213,"STRI2023"
"FIN","Insurance",.2410656,.2089682,"STRI2023"
"FIN","Distribution services",.2283535,.1873185,"STRI2023"
"FIN","..",,,"STRI2023"
"FRA",".",,,"STRI2023"
"FRA","Courier services",.0959505,.2598246,"STRI2023"
"FRA","Insurance",.0919401,.2089682,"STRI2023"
"FRA","Customs brokerage",.1107177,.2046742,"STRI2023"
"FRA","Engineering services",.1133904,.2072272,"STRI2023"
"FRA","..............",,,"STRI2023"
"FRA","Distribution services",.2092226,.1873185,"STRI2023"
"FRA","Accounting services",.3710263,.3165244,"STRI2023"
"FRA","Architecture services",.2836224,.2262807,"STRI2023"
"FRA","Legal services",.4664917,.3353473,"STRI2023"
"FRA","..",,,"STRI2023"
"GBR",".",,,"STRI2023"
"GBR","Telecommunication",.0786046,.2288898,"STRI2023"
"GBR","Legal services",.1351579,.3353473,"STRI2023"
"GBR","Rail freight transport",.1344727,.3009113,"STRI2023"
"GBR","Courier services",.1244967,.2598246,"STRI2023"
"GBR","..............",,,"STRI2023"
"GBR","Motion pictures",.1473612,.1948869,"STRI2023"
"GBR","Freight-forwarding",.16,.2006892,"STRI2023"
"GBR","Accounting services",.2680896,.3165244,"STRI2023"
"GBR","Road freight transport",.1812063,.2133213,"STRI2023"
"GBR","..",,,"STRI2023"
"GRC",".",,,"STRI2023"
"GRC","Rail freight transport",.1767172,.3009113,"STRI2023"
"GRC","Courier services",.1916555,.2598246,"STRI2023"
"GRC","Storage and warehouse",.1955631,.2236967,"STRI2023"
"GRC","Broadcasting",.2633696,.2947994,"STRI2023"
"GRC","..............",,,"STRI2023"
"GRC","Construction",.286845,.2187966,"STRI2023"
"GRC","Maritime transport",.3461664,.2596248,"STRI2023"
"GRC","Legal services",.4544943,.3353473,"STRI2023"
"GRC","Distribution services",.256759,.1873185,"STRI2023"
"GRC","..",,,"STRI2023"
"HUN",".",,,"STRI2023"
"HUN","Broadcasting",.1952597,.2947994,"STRI2023"
"HUN","Rail freight transport",.2041277,.3009113,"STRI2023"
"HUN","Courier services",.1777916,.2598246,"STRI2023"
"HUN","Accounting services",.2222222,.3165244,"STRI2023"
"HUN","..............",,,"STRI2023"
"HUN","Construction",.2347136,.2187966,"STRI2023"
"HUN","Distribution services",.2016358,.1873185,"STRI2023"
"HUN","Computer services",.2252856,.1986697,"STRI2023"
"HUN","Legal services",.7067204,.3353473,"STRI2023"
"HUN","..",,,"STRI2023"
"IDN",".",,,"STRI2023"
"IDN","Rail freight transport",.2605611,.3009113,"STRI2023"
"IDN","Architecture services",.2140122,.2262807,"STRI2023"
"IDN","Engineering services",.1988278,.2072272,"STRI2023"
"IDN","Sound recording",.1923288,.1937993,"STRI2023"
"IDN","..............",,,"STRI2023"
"IDN","Commercial banking",.5072165,.2254845,"STRI2023"
"IDN","Telecommunication",.5790289,.2288898,"STRI2023"
"IDN","Insurance",.5348052,.2089682,"STRI2023"
"IDN","Legal services",.8719655,.3353473,"STRI2023"
"IDN","..",,,"STRI2023"
"IND",".",,,"STRI2023"
"IND","Engineering services",.1553201,.2072272,"STRI2023"
"IND","Computer services",.1535598,.1986697,"STRI2023"
"IND","Road freight transport",.1853482,.2133213,"STRI2023"
"IND","Construction",.204151,.2187966,"STRI2023"
"IND","..............",,,"STRI2023"
"IND","Architecture services",.5370579,.2262807,"STRI2023"
"IND","Accounting services",.7620345,.3165244,"STRI2023"
"IND","Legal services",.8653108,.3353473,"STRI2023"
"IND","Rail freight transport",1,.3009113,"STRI2023"
"IND","..",,,"STRI2023"
"IRL",".",,,"STRI2023"
"IRL","Insurance",.1013156,.2089682,"STRI2023"
"IRL","Telecommunication",.1184741,.2288898,"STRI2023"
"IRL","Rail freight transport",.1699452,.3009113,"STRI2023"
"IRL","Broadcasting",.1801147,.2947994,"STRI2023"
"IRL","..............",,,"STRI2023"
"IRL","Freight-forwarding",.1781818,.2006892,"STRI2023"
"IRL","Architecture services",.2059022,.2262807,"STRI2023"
"IRL","Computer services",.1858332,.1986697,"STRI2023"
"IRL","Air transport",.3825503,.4015115,"STRI2023"
"IRL","..",,,"STRI2023"
"ISL",".",,,"STRI2023"
"ISL","Accounting services",.3186497,.3165244,"STRI2023"
"ISL","Legal services",.3479239,.3353473,"STRI2023"
"ISL","Courier services",.2931876,.2598246,"STRI2023"
"ISL","Air transport",.4791628,.4015115,"STRI2023"
"ISL","..............",,,"STRI2023"
"ISL","Distribution services",.3120309,.1873185,"STRI2023"
"ISL","Sound recording",.3414661,.1937993,"STRI2023"
"ISL","Computer services",.3806785,.1986697,"STRI2023"
"ISL","Construction",.4232577,.2187966,"STRI2023"
"ISL","..",,,"STRI2023"
"ISR",".",,,"STRI2023"
"ISR","Distribution services",.1550059,.1873185,"STRI2023"
"ISR","Storage and warehouse",.1937201,.2236967,"STRI2023"
"ISR","Legal services",.3000281,.3353473,"STRI2023"
"ISR","Commercial banking",.2123711,.2254845,"STRI2023"
"ISR","..............",,,"STRI2023"
"ISR","Sound recording",.2644247,.1937993,"STRI2023"
"ISR","Telecommunication",.313108,.2288898,"STRI2023"
"ISR","Courier services",.4127581,.2598246,"STRI2023"
"ISR","Rail freight transport",1,.3009113,"STRI2023"
"ISR","..",,,"STRI2023"
"ITA",".",,,"STRI2023"
"ITA","Legal services",.1988003,.3353473,"STRI2023"
"ITA","Rail freight transport",.1892938,.3009113,"STRI2023"
"ITA","Courier services",.1792811,.2598246,"STRI2023"
"ITA","Telecommunication",.1681043,.2288898,"STRI2023"
"ITA","..............",,,"STRI2023"
"ITA","Sound recording",.2756347,.1937993,"STRI2023"
"ITA","Architecture services",.3392656,.2262807,"STRI2023"
"ITA","Accounting services",.5039358,.3165244,"STRI2023"
"ITA","Engineering services",.386046,.2072272,"STRI2023"
"ITA","..",,,"STRI2023"
"JPN",".",,,"STRI2023"
"JPN","Engineering services",.0572588,.2072272,"STRI2023"
"JPN","Sound recording",.0575887,.1937993,"STRI2023"
"JPN","Motion pictures",.0689318,.1948869,"STRI2023"
"JPN","Cargo-handling",.0927287,.2305399,"STRI2023"
"JPN","..............",,,"STRI2023"
"JPN","Broadcasting",.2341918,.2947994,"STRI2023"
"JPN","Air transport",.3469772,.4015115,"STRI2023"
"JPN","Telecommunication",.2243028,.2288898,"STRI2023"
"JPN","Legal services",.5107321,.3353473,"STRI2023"
"JPN","..",,,"STRI2023"
"KAZ",".",,,"STRI2023"
"KAZ","Legal services",.1638392,.3353473,"STRI2023"
"KAZ","Accounting services",.2617317,.3165244,"STRI2023"
"KAZ","Architecture services",.2131111,.2262807,"STRI2023"
"KAZ","Road freight transport",.2208128,.2133213,"STRI2023"
"KAZ","..............",,,"STRI2023"
"KAZ","Commercial banking",.3402062,.2254845,"STRI2023"
"KAZ","Distribution services",.3348238,.1873185,"STRI2023"
"KAZ","Telecommunication",.5985175,.2288898,"STRI2023"
"KAZ","Rail freight transport",1,.3009113,"STRI2023"
"KAZ","..",,,"STRI2023"
"KOR",".",,,"STRI2023"
"KOR","Insurance",.1162105,.2089682,"STRI2023"
"KOR","Storage and warehouse",.1403413,.2236967,"STRI2023"
"KOR","Engineering services",.1628719,.2072272,"STRI2023"
"KOR","Cargo-handling",.1834304,.2305399,"STRI2023"
"KOR","..............",,,"STRI2023"
"KOR","Legal services",.5246977,.3353473,"STRI2023"
"KOR","Courier services",.4160337,.2598246,"STRI2023"
"KOR","Accounting services",1,.3165244,"STRI2023"
"KOR","Rail freight transport",1,.3009113,"STRI2023"
"KOR","..",,,"STRI2023"
"LTU",".",,,"STRI2023"
"LTU","Courier services",.1261335,.2598246,"STRI2023"
"LTU","Accounting services",.1557675,.3165244,"STRI2023"
"LTU","Broadcasting",.1501669,.2947994,"STRI2023"
"LTU","Cargo-handling",.1337725,.2305399,"STRI2023"
"LTU","..............",,,"STRI2023"
"LTU","Computer services",.1728588,.1986697,"STRI2023"
"LTU","Road freight transport",.1935025,.2133213,"STRI2023"
"LTU","Air transport",.3931613,.4015115,"STRI2023"
"LTU","Legal services",.4134409,.3353473,"STRI2023"
"LTU","..",,,"STRI2023"
"LUX",".",,,"STRI2023"
"LUX","Cargo-handling",.1091969,.2305399,"STRI2023"
"LUX","Rail freight transport",.1428571,.3009113,"STRI2023"
"LUX","Courier services",.1325335,.2598246,"STRI2023"
"LUX","Broadcasting",.1566698,.2947994,"STRI2023"
"LUX","..............",,,"STRI2023"
"LUX","Distribution services",.1772307,.1873185,"STRI2023"
"LUX","Engineering services",.2009693,.2072272,"STRI2023"
"LUX","Architecture services",.2331606,.2262807,"STRI2023"
"LUX","Air transport",.4201395,.4015115,"STRI2023"
"LUX","..",,,"STRI2023"
"LVA",".",,,"STRI2023"
"LVA","Legal services",.1152873,.3353473,"STRI2023"
"LVA","Accounting services",.1372994,.3165244,"STRI2023"
"LVA","Cargo-handling",.1175576,.2305399,"STRI2023"
"LVA","Storage and warehouse",.1242833,.2236967,"STRI2023"
"LVA","..............",,,"STRI2023"
"LVA","Architecture services",.1592701,.2262807,"STRI2023"
"LVA","Computer services",.1436491,.1986697,"STRI2023"
"LVA","Road freight transport",.1650272,.2133213,"STRI2023"
"LVA","Air transport",.4027111,.4015115,"STRI2023"
"LVA","..",,,"STRI2023"
"MEX",".",,,"STRI2023"
"MEX","Legal services",.1932702,.3353473,"STRI2023"
"MEX","Accounting services",.2403875,.3165244,"STRI2023"
"MEX","Telecommunication",.2078736,.2288898,"STRI2023"
"MEX","Rail freight transport",.2918413,.3009113,"STRI2023"
"MEX","..............",,,"STRI2023"
"MEX","Courier services",.4341168,.2598246,"STRI2023"
"MEX","Broadcasting",.6232566,.2947994,"STRI2023"
"MEX","Road freight transport",.4776081,.2133213,"STRI2023"
"MEX","Customs brokerage",.9999999,.2046742,"STRI2023"
"MEX","..",,,"STRI2023"
"MYS",".",,,"STRI2023"
"MYS","Commercial banking",.2006873,.2254845,"STRI2023"
"MYS","Courier services",.2472092,.2598246,"STRI2023"
"MYS","Storage and warehouse",.2161263,.2236967,"STRI2023"
"MYS","Sound recording",.1880426,.1937993,"STRI2023"
"MYS","..............",,,"STRI2023"
"MYS","Architecture services",.3041226,.2262807,"STRI2023"
"MYS","Engineering services",.2785167,.2072272,"STRI2023"
"MYS","Distribution services",.3432316,.1873185,"STRI2023"
"MYS","Legal services",.6395164,.3353473,"STRI2023"
"MYS","..",,,"STRI2023"
"NLD",".",,,"STRI2023"
"NLD","Courier services",.0697614,.2598246,"STRI2023"
"NLD","Rail freight transport",.0902935,.3009113,"STRI2023"
"NLD","Insurance",.0757599,.2089682,"STRI2023"
"NLD","Customs brokerage",.0934844,.2046742,"STRI2023"
"NLD","..............",,,"STRI2023"
"NLD","Computer services",.1410688,.1986697,"STRI2023"
"NLD","Distribution services",.1405414,.1873185,"STRI2023"
"NLD","Road freight transport",.1601087,.2133213,"STRI2023"
"NLD","Air transport",.3836114,.4015115,"STRI2023"
"NLD","..",,,"STRI2023"
"NOR",".",,,"STRI2023"
"NOR","Legal services",.2197957,.3353473,"STRI2023"
"NOR","Architecture services",.1770669,.2262807,"STRI2023"
"NOR","Rail freight transport",.2450822,.3009113,"STRI2023"
"NOR","Customs brokerage",.1673749,.2046742,"STRI2023"
"NOR","..............",,,"STRI2023"
"NOR","Cargo-handling",.2761591,.2305399,"STRI2023"
"NOR","Road freight transport",.2658556,.2133213,"STRI2023"
"NOR","Air transport",.5231716,.4015115,"STRI2023"
"NOR","Insurance",.2902112,.2089682,"STRI2023"
"NOR","..",,,"STRI2023"
"NZL",".",,,"STRI2023"
"NZL","Broadcasting",.1796868,.2947994,"STRI2023"
"NZL","Accounting services",.1980018,.3165244,"STRI2023"
"NZL","Insurance",.1316599,.2089682,"STRI2023"
"NZL","Legal services",.2117349,.3353473,"STRI2023"
"NZL","..............",,,"STRI2023"
"NZL","Commercial banking",.2226804,.2254845,"STRI2023"
"NZL","Storage and warehouse",.2306826,.2236967,"STRI2023"
"NZL","Cargo-handling",.2584241,.2305399,"STRI2023"
"NZL","Freight-forwarding",.2266667,.2006892,"STRI2023"
"NZL","..",,,"STRI2023"
"PER",".",,,"STRI2023"
"PER","Legal services",.1438748,.3353473,"STRI2023"
"PER","Accounting services",.1892219,.3165244,"STRI2023"
"PER","Rail freight transport",.1970332,.3009113,"STRI2023"
"PER","Telecommunication",.1528441,.2288898,"STRI2023"
"PER","..............",,,"STRI2023"
"PER","Cargo-handling",.2944008,.2305399,"STRI2023"
"PER","Storage and warehouse",.2953413,.2236967,"STRI2023"
"PER","Freight-forwarding",.2872727,.2006892,"STRI2023"
"PER","Broadcasting",.5951057,.2947994,"STRI2023"
"PER","..",,,"STRI2023"
"POL",".",,,"STRI2023"
"POL","Telecommunication",.1407151,.2288898,"STRI2023"
"POL","Rail freight transport",.1960658,.3009113,"STRI2023"
"POL","Customs brokerage",.1357413,.2046742,"STRI2023"
"POL","Storage and warehouse",.171041,.2236967,"STRI2023"
"POL","..............",,,"STRI2023"
"POL","Construction",.2879845,.2187966,"STRI2023"
"POL","Broadcasting",.3967656,.2947994,"STRI2023"
"POL","Engineering services",.3298016,.2072272,"STRI2023"
"POL","Legal services",1,.3353473,"STRI2023"
"POL","..",,,"STRI2023"
"PRT",".",,,"STRI2023"
"PRT","Courier services",.0973909,.2598246,"STRI2023"
"PRT","Rail freight transport",.1173815,.3009113,"STRI2023"
"PRT","Motion pictures",.0784295,.1948869,"STRI2023"
"PRT","Broadcasting",.1197057,.2947994,"STRI2023"
"PRT","..............",,,"STRI2023"
"PRT","Accounting services",.2997275,.3165244,"STRI2023"
"PRT","Air transport",.3915961,.4015115,"STRI2023"
"PRT","Legal services",.356547,.3353473,"STRI2023"
"PRT","Engineering services",.2982416,.2072272,"STRI2023"
"PRT","..",,,"STRI2023"
"RUS",".",,,"STRI2023"
"RUS","Legal services",.2583185,.3353473,"STRI2023"
"RUS","Accounting services",.3619437,.3165244,"STRI2023"
"RUS","Air transport",.5926997,.4015115,"STRI2023"
"RUS","Architecture services",.3476008,.2262807,"STRI2023"
"RUS","..............",,,"STRI2023"
"RUS","Computer services",.420131,.1986697,"STRI2023"
"RUS","Rail freight transport",.9942117,.3009113,"STRI2023"
"RUS","Cargo-handling",1,.2305399,"STRI2023"
"RUS","Storage and warehouse",1,.2236967,"STRI2023"
"RUS","..",,,"STRI2023"
"SGP",".",,,"STRI2023"
"SGP","Accounting services",.1930064,.3165244,"STRI2023"
"SGP","Road freight transport",.1515661,.2133213,"STRI2023"
"SGP","Courier services",.2047992,.2598246,"STRI2023"
"SGP","Architecture services",.1932868,.2262807,"STRI2023"
"SGP","..............",,,"STRI2023"
"SGP","Storage and warehouse",.2692321,.2236967,"STRI2023"
"SGP","Broadcasting",.3739197,.2947994,"STRI2023"
"SGP","Engineering services",.2628494,.2072272,"STRI2023"
"SGP","Freight-forwarding",.2678788,.2006892,"STRI2023"
"SGP","..",,,"STRI2023"
"SVK",".",,,"STRI2023"
"SVK","Accounting services",.1459279,.3165244,"STRI2023"
"SVK","Cargo-handling",.110717,.2305399,"STRI2023"
"SVK","Insurance",.1181007,.2089682,"STRI2023"
"SVK","Courier services",.1513569,.2598246,"STRI2023"
"SVK","..............",,,"STRI2023"
"SVK","Construction",.1978431,.2187966,"STRI2023"
"SVK","Air transport",.4160013,.4015115,"STRI2023"
"SVK","Architecture services",.3919802,.2262807,"STRI2023"
"SVK","Engineering services",.4693418,.2072272,"STRI2023"
"SVK","..",,,"STRI2023"
"SVN",".",,,"STRI2023"
"SVN","Insurance",.1335501,.2089682,"STRI2023"
"SVN","Courier services",.1811143,.2598246,"STRI2023"
"SVN","Rail freight transport",.2244437,.3009113,"STRI2023"
"SVN","Broadcasting",.2207581,.2947994,"STRI2023"
"SVN","..............",,,"STRI2023"
"SVN","Maritime transport",.3415987,.2596248,"STRI2023"
"SVN","Legal services",.4830818,.3353473,"STRI2023"
"SVN","Architecture services",.3261996,.2262807,"STRI2023"
"SVN","Engineering services",.3656447,.2072272,"STRI2023"
"SVN","..",,,"STRI2023"
"SWE",".",,,"STRI2023"
"SWE","Legal services",.1467804,.3353473,"STRI2023"
"SWE","Telecommunication",.1433759,.2288898,"STRI2023"
"SWE","Broadcasting",.212715,.2947994,"STRI2023"
"SWE","Courier services",.1899204,.2598246,"STRI2023"
"SWE","..............",,,"STRI2023"
"SWE","Computer services",.2036991,.1986697,"STRI2023"
"SWE","Distribution services",.1932733,.1873185,"STRI2023"
"SWE","Insurance",.2256162,.2089682,"STRI2023"
"SWE","Maritime transport",.303752,.2596248,"STRI2023"
"SWE","..",,,"STRI2023"
"THA",".",,,"STRI2023"
"THA","Broadcasting",.3760589,.2947994,"STRI2023"
"THA","Air transport",.5825397,.4015115,"STRI2023"
"THA","Courier services",.3830654,.2598246,"STRI2023"
"THA","Motion pictures",.2873788,.1948869,"STRI2023"
"THA","..............",,,"STRI2023"
"THA","Storage and warehouse",.4575768,.2236967,"STRI2023"
"THA","Insurance",.5504814,.2089682,"STRI2023"
"THA","Accounting services",1,.3165244,"STRI2023"
"THA","Rail freight transport",1,.3009113,"STRI2023"
"THA","..",,,"STRI2023"
"TUR",".",,,"STRI2023"
"TUR","Rail freight transport",.2150919,.3009113,"STRI2023"
"TUR","Insurance",.1540148,.2089682,"STRI2023"
"TUR","Engineering services",.1813571,.2072272,"STRI2023"
"TUR","Distribution services",.1761376,.1873185,"STRI2023"
"TUR","..............",,,"STRI2023"
"TUR","Broadcasting",.4534954,.2947994,"STRI2023"
"TUR","Legal services",.527041,.3353473,"STRI2023"
"TUR","Courier services",.4364422,.2598246,"STRI2023"
"TUR","Accounting services",.6180745,.3165244,"STRI2023"
"TUR","..",,,"STRI2023"
"USA",".",,,"STRI2023"
"USA","Broadcasting",.1079832,.2947994,"STRI2023"
"USA","Rail freight transport",.1431796,.3009113,"STRI2023"
"USA","Legal services",.174993,.3353473,"STRI2023"
"USA","Accounting services",.1702997,.3165244,"STRI2023"
"USA","..............",,,"STRI2023"
"USA","Air transport",.5211025,.4015115,"STRI2023"
"USA","Insurance",.2755179,.2089682,"STRI2023"
"USA","Courier services",.3495242,.2598246,"STRI2023"
"USA","Maritime transport",.3559543,.2596248,"STRI2023"
"USA","..",,,"STRI2023"
"VNM",".",,,"STRI2023"
"VNM","Accounting services",.271874,.3165244,"STRI2023"
"VNM","Architecture services",.2167155,.2262807,"STRI2023"
"VNM","Engineering services",.2306132,.2072272,"STRI2023"
"VNM","Broadcasting",.3541542,.2947994,"STRI2023"
"VNM","..............",,,"STRI2023"
"VNM","Commercial banking",.4247423,.2254845,"STRI2023"
"VNM","Cargo-handling",.4621232,.2305399,"STRI2023"
"VNM","Insurance",.4748475,.2089682,"STRI2023"
"VNM","Telecommunication",.7110462,.2288898,"STRI2023"
"VNM","..",,,"STRI2023"
"ZAF",".",,,"STRI2023"
"ZAF","Insurance",.1477897,.2089682,"STRI2023"
"ZAF","Road freight transport",.1606265,.2133213,"STRI2023"
"ZAF","Computer services",.1570625,.1986697,"STRI2023"
"ZAF","Accounting services",.2523463,.3165244,"STRI2023"
"ZAF","..............",,,"STRI2023"
"ZAF","Customs brokerage",.2485836,.2046742,"STRI2023"
"ZAF","Freight-forwarding",.2545455,.2006892,"STRI2023"
"ZAF","Broadcasting",.3947121,.2947994,"STRI2023"
"ZAF","Courier services",.4283568,.2598246,"STRI2023"
"ZAF","..",,,"STRI2023"
"AUS",".",,,"STRI2024"
"AUS","Legal services",.1469679,.3431566,"STRI2024"
"AUS","Rail freight transport",.1415672,.314982,"STRI2024"
"AUS","Road freight transport",.1118302,.2135189,"STRI2024"
"AUS","Accounting services",.1777172,.3222739,"STRI2024"
"AUS","..............",,,"STRI2024"
"AUS","Construction",.1868349,.2202079,"STRI2024"
"AUS","Freight-forwarding",.1890909,.2036601,"STRI2024"
"AUS","Architecture services",.225276,.2411866,"STRI2024"
"AUS","Courier services",.3617205,.2521062,"STRI2024"
"AUS","..",,,"STRI2024"
"AUT",".",,,"STRI2024"
"AUT","Courier services",.1203555,.2521062,"STRI2024"
"AUT","Rail freight transport",.17188,.314982,"STRI2024"
"AUT","Commercial banking",.1683849,.2253487,"STRI2024"
"AUT","Telecommunication",.1883908,.2323081,"STRI2024"
"AUT","..............",,,"STRI2024"
"AUT","Legal services",.3811041,.3431566,"STRI2024"
"AUT","Broadcasting",.3483358,.3040617,"STRI2024"
"AUT","Freight-forwarding",.2363636,.2036601,"STRI2024"
"AUT","Engineering services",.2532687,.2150542,"STRI2024"
"AUT","..",,,"STRI2024"
"BEL",".",,,"STRI2024"
"BEL","Insurance",.1104642,.208546,"STRI2024"
"BEL","Legal services",.1923329,.3431566,"STRI2024"
"BEL","Rail freight transport",.2015479,.314982,"STRI2024"
"BEL","Broadcasting",.214683,.3040617,"STRI2024"
"BEL","..............",,,"STRI2024"
"BEL","Freight-forwarding",.2230303,.2036601,"STRI2024"
"BEL","Sound recording",.2239807,.1926607,"STRI2024"
"BEL","Architecture services",.2820455,.2411866,"STRI2024"
"BEL","Computer services",.246896,.1985865,"STRI2024"
"BEL","..",,,"STRI2024"
"BRA",".",,,"STRI2024"
"BRA","Air transport",.2065682,.3991205,"STRI2024"
"BRA","Rail freight transport",.2118672,.314982,"STRI2024"
"BRA","Architecture services",.1811219,.2411866,"STRI2024"
"BRA","Customs brokerage",.1898017,.2221667,"STRI2024"
"BRA","..............",,,"STRI2024"
"BRA","Broadcasting",.4371524,.3040617,"STRI2024"
"BRA","Insurance",.3120621,.208546,"STRI2024"
"BRA","Motion pictures",.3248801,.1957463,"STRI2024"
"BRA","Courier services",.4948331,.2521062,"STRI2024"
"BRA","..",,,"STRI2024"
"CAN",".",,,"STRI2024"
"CAN","Rail freight transport",.1257659,.314982,"STRI2024"
"CAN","Legal services",.1675883,.3431566,"STRI2024"
"CAN","Storage and warehouse",.1611775,.2270441,"STRI2024"
"CAN","Freight-forwarding",.1490909,.2036601,"STRI2024"
"CAN","..............",,,"STRI2024"
"CAN","Motion pictures",.2019974,.1957463,"STRI2024"
"CAN","Distribution services",.2266639,.1939113,"STRI2024"
"CAN","Telecommunication",.2857859,.2323081,"STRI2024"
"CAN","Courier services",.3656873,.2521062,"STRI2024"
"CAN","..",,,"STRI2024"
"CHE",".",,,"STRI2024"
"CHE","Rail freight transport",.2508868,.314982,"STRI2024"
"CHE","Architecture services",.1948637,.2411866,"STRI2024"
"CHE","Legal services",.2775331,.3431566,"STRI2024"
"CHE","Distribution services",.1658192,.1939113,"STRI2024"
"CHE","..............",,,"STRI2024"
"CHE","Freight-forwarding",.2484848,.2036601,"STRI2024"
"CHE","Computer services",.2424793,.1985865,"STRI2024"
"CHE","Broadcasting",.3782836,.3040617,"STRI2024"
"CHE","Courier services",.3573706,.2521062,"STRI2024"
"CHE","..",,,"STRI2024"
"CHL",".",,,"STRI2024"
"CHL","Accounting services",.1058129,.3222739,"STRI2024"
"CHL","Legal services",.1215672,.3431566,"STRI2024"
"CHL","Air transport",.150065,.3991205,"STRI2024"
"CHL","Architecture services",.1432755,.2411866,"STRI2024"
"CHL","..............",,,"STRI2024"
"CHL","Sound recording",.1704583,.1926607,"STRI2024"
"CHL","Telecommunication",.2234682,.2323081,"STRI2024"
"CHL","Broadcasting",.2993069,.3040617,"STRI2024"
"CHL","Courier services",.4564016,.2521062,"STRI2024"
"CHL","..",,,"STRI2024"
"CHN",".",,,"STRI2024"
"CHN","Road freight transport",.1327984,.2135189,"STRI2024"
"CHN","Architecture services",.1509349,.2411866,"STRI2024"
"CHN","Engineering services",.1523895,.2150542,"STRI2024"
"CHN","Rail freight transport",.2325056,.314982,"STRI2024"
"CHN","..............",,,"STRI2024"
"CHN","Accounting services",.6821072,.3222739,"STRI2024"
"CHN","Sound recording",.4758765,.1926607,"STRI2024"
"CHN","Motion pictures",.5030843,.1957463,"STRI2024"
"CHN","Telecommunication",.5987778,.2323081,"STRI2024"
"CHN","..",,,"STRI2024"
"COL",".",,,"STRI2024"
"COL","Legal services",.1293467,.3431566,"STRI2024"
"COL","Accounting services",.2031486,.3222739,"STRI2024"
"COL","Rail freight transport",.2060626,.314982,"STRI2024"
"COL","Air transport",.2627,.3991205,"STRI2024"
"COL","..............",,,"STRI2024"
"COL","Cargo-handling",.2705853,.2335852,"STRI2024"
"COL","Commercial banking",.2701031,.2253487,"STRI2024"
"COL","Freight-forwarding",.2569697,.2036601,"STRI2024"
"COL","Broadcasting",.6277916,.3040617,"STRI2024"
"COL","..",,,"STRI2024"
"CRI",".",,,"STRI2024"
"CRI","Legal services",.0889493,.3431566,"STRI2024"
"CRI","Air transport",.2202032,.3991205,"STRI2024"
"CRI","Courier services",.1474122,.2521062,"STRI2024"
"CRI","Architecture services",.155891,.2411866,"STRI2024"
"CRI","..............",,,"STRI2024"
"CRI","Freight-forwarding",.2133333,.2036601,"STRI2024"
"CRI","Storage and warehouse",.2432082,.2270441,"STRI2024"
"CRI","Cargo-handling",.2622245,.2335852,"STRI2024"
"CRI","Road freight transport",.2913539,.2135189,"STRI2024"
"CRI","..",,,"STRI2024"
"CZE",".",,,"STRI2024"
"CZE","Courier services",.0966707,.2521062,"STRI2024"
"CZE","Commercial banking",.0886598,.2253487,"STRI2024"
"CZE","Storage and warehouse",.0931741,.2270441,"STRI2024"
"CZE","Accounting services",.1336664,.3222739,"STRI2024"
"CZE","..............",,,"STRI2024"
"CZE","Construction",.1577577,.2202079,"STRI2024"
"CZE","Engineering services",.1543057,.2150542,"STRI2024"
"CZE","Legal services",.253632,.3431566,"STRI2024"
"CZE","Air transport",.3958405,.3991205,"STRI2024"
"CZE","..",,,"STRI2024"
"DEU",".",,,"STRI2024"
"DEU","Courier services",.1023505,.2521062,"STRI2024"
"DEU","Insurance",.1044911,.208546,"STRI2024"
"DEU","Telecommunication",.1185541,.2323081,"STRI2024"
"DEU","Rail freight transport",.1663979,.314982,"STRI2024"
"DEU","..............",,,"STRI2024"
"DEU","Distribution services",.1505884,.1939113,"STRI2024"
"DEU","Computer services",.1601619,.1985865,"STRI2024"
"DEU","Air transport",.3729475,.3991205,"STRI2024"
"DEU","Road freight transport",.2026922,.2135189,"STRI2024"
"DEU","..",,,"STRI2024"
"DNK",".",,,"STRI2024"
"DNK","Telecommunication",.1236212,.2323081,"STRI2024"
"DNK","Broadcasting",.1623171,.3040617,"STRI2024"
"DNK","Courier services",.135136,.2521062,"STRI2024"
"DNK","Rail freight transport",.1722025,.314982,"STRI2024"
"DNK","..............",,,"STRI2024"
"DNK","Maritime transport",.2336052,.2597716,"STRI2024"
"DNK","Computer services",.1866485,.1985865,"STRI2024"
"DNK","Air transport",.3804282,.3991205,"STRI2024"
"DNK","Road freight transport",.2258607,.2135189,"STRI2024"
"DNK","..",,,"STRI2024"
"ESP",".",,,"STRI2024"
"ESP","Commercial banking",.0611684,.2253487,"STRI2024"
"ESP","Cargo-handling",.085888,.2335852,"STRI2024"
"ESP","Telecommunication",.0909985,.2323081,"STRI2024"
"ESP","Sound recording",.0764919,.1926607,"STRI2024"
"ESP","..............",,,"STRI2024"
"ESP","Insurance",.1405061,.208546,"STRI2024"
"ESP","Accounting services",.2282773,.3222739,"STRI2024"
"ESP","Road freight transport",.1571318,.2135189,"STRI2024"
"ESP","Air transport",.3501605,.3991205,"STRI2024"
"ESP","..",,,"STRI2024"
"EST",".",,,"STRI2024"
"EST","Insurance",.0588487,.208546,"STRI2024"
"EST","Storage and warehouse",.1310751,.2270441,"STRI2024"
"EST","Courier services",.1458736,.2521062,"STRI2024"
"EST","Customs brokerage",.1286591,.2221667,"STRI2024"
"EST","..............",,,"STRI2024"
"EST","Maritime transport",.2815661,.2597716,"STRI2024"
"EST","Construction",.2429138,.2202079,"STRI2024"
"EST","Legal services",.4143781,.3431566,"STRI2024"
"EST","Architecture services",.2951115,.2411866,"STRI2024"
"EST","..",,,"STRI2024"
"FIN",".",,,"STRI2024"
"FIN","Legal services",.1266285,.3431566,"STRI2024"
"FIN","Accounting services",.2129882,.3222739,"STRI2024"
"FIN","Architecture services",.1790944,.2411866,"STRI2024"
"FIN","Telecommunication",.1765851,.2323081,"STRI2024"
"FIN","..............",,,"STRI2024"
"FIN","Computer services",.218304,.1985865,"STRI2024"
"FIN","Road freight transport",.2451463,.2135189,"STRI2024"
"FIN","Insurance",.2410656,.208546,"STRI2024"
"FIN","Distribution services",.2283535,.1939113,"STRI2024"
"FIN","..",,,"STRI2024"
"FRA",".",,,"STRI2024"
"FRA","Courier services",.1008119,.2521062,"STRI2024"
"FRA","Insurance",.0969807,.208546,"STRI2024"
"FRA","Customs brokerage",.1220491,.2221667,"STRI2024"
"FRA","Cargo-handling",.1383329,.2335852,"STRI2024"
"FRA","..............",,,"STRI2024"
"FRA","Motion pictures",.2257906,.1957463,"STRI2024"
"FRA","Accounting services",.3808658,.3222739,"STRI2024"
"FRA","Architecture services",.3084028,.2411866,"STRI2024"
"FRA","Legal services",.4664917,.3431566,"STRI2024"
"FRA","..",,,"STRI2024"
"GBR",".",,,"STRI2024"
"GBR","Legal services",.1210985,.3431566,"STRI2024"
"GBR","Telecommunication",.0977126,.2323081,"STRI2024"
"GBR","Engineering services",.1011046,.2150542,"STRI2024"
"GBR","Rail freight transport",.1483392,.314982,"STRI2024"
"GBR","..............",,,"STRI2024"
"GBR","Sound recording",.1239697,.1926607,"STRI2024"
"GBR","Accounting services",.2299425,.3222739,"STRI2024"
"GBR","Motion pictures",.1473612,.1957463,"STRI2024"
"GBR","Road freight transport",.1812063,.2135189,"STRI2024"
"GBR","..",,,"STRI2024"
"GRC",".",,,"STRI2024"
"GRC","Rail freight transport",.1631732,.314982,"STRI2024"
"GRC","Courier services",.1817364,.2521062,"STRI2024"
"GRC","Storage and warehouse",.1791809,.2270441,"STRI2024"
"GRC","Cargo-handling",.1854573,.2335852,"STRI2024"
"GRC","..............",,,"STRI2024"
"GRC","Insurance",.2451989,.208546,"STRI2024"
"GRC","Maritime transport",.3200653,.2597716,"STRI2024"
"GRC","Distribution services",.2446762,.1939113,"STRI2024"
"GRC","Legal services",.4404349,.3431566,"STRI2024"
"GRC","..",,,"STRI2024"
"HUN",".",,,"STRI2024"
"HUN","Broadcasting",.1952597,.3040617,"STRI2024"
"HUN","Rail freight transport",.2041277,.314982,"STRI2024"
"HUN","Accounting services",.2222222,.3222739,"STRI2024"
"HUN","Courier services",.1777916,.2521062,"STRI2024"
"HUN","..............",,,"STRI2024"
"HUN","Construction",.2347136,.2202079,"STRI2024"
"HUN","Sound recording",.2057369,.1926607,"STRI2024"
"HUN","Computer services",.2252856,.1985865,"STRI2024"
"HUN","Legal services",.7067204,.3431566,"STRI2024"
"HUN","..",,,"STRI2024"
"IDN",".",,,"STRI2024"
"IDN","Architecture services",.1892318,.2411866,"STRI2024"
"IDN","Rail freight transport",.255724,.314982,"STRI2024"
"IDN","Engineering services",.1830478,.2150542,"STRI2024"
"IDN","Customs brokerage",.2160057,.2221667,"STRI2024"
"IDN","..............",,,"STRI2024"
"IDN","Commercial banking",.5017182,.2253487,"STRI2024"
"IDN","Telecommunication",.5715356,.2323081,"STRI2024"
"IDN","Legal services",.8653108,.3431566,"STRI2024"
"IDN","Insurance",.5297646,.208546,"STRI2024"
"IDN","..",,,"STRI2024"
"IND",".",,,"STRI2024"
"IND","Engineering services",.1553201,.2150542,"STRI2024"
"IND","Computer services",.1535598,.1985865,"STRI2024"
"IND","Road freight transport",.1853482,.2135189,"STRI2024"
"IND","Construction",.204151,.2202079,"STRI2024"
"IND","..............",,,"STRI2024"
"IND","Insurance",.4810475,.208546,"STRI2024"
"IND","Accounting services",.7620345,.3222739,"STRI2024"
"IND","Legal services",.8653108,.3431566,"STRI2024"
"IND","Rail freight transport",1,.314982,"STRI2024"
"IND","..",,,"STRI2024"
"IRL",".",,,"STRI2024"
"IRL","Insurance",.1013156,.208546,"STRI2024"
"IRL","Telecommunication",.1184741,.2323081,"STRI2024"
"IRL","Rail freight transport",.1699452,.314982,"STRI2024"
"IRL","Legal services",.1923329,.3431566,"STRI2024"
"IRL","..............",,,"STRI2024"
"IRL","Road freight transport",.1843127,.2135189,"STRI2024"
"IRL","Freight-forwarding",.1781818,.2036601,"STRI2024"
"IRL","Computer services",.1858332,.1985865,"STRI2024"
"IRL","Air transport",.3825503,.3991205,"STRI2024"
"IRL","..",,,"STRI2024"
"ISL",".",,,"STRI2024"
"ISL","Accounting services",.3284892,.3222739,"STRI2024"
"ISL","Legal services",.3545787,.3431566,"STRI2024"
"ISL","Courier services",.2931876,.2521062,"STRI2024"
"ISL","Air transport",.4839112,.3991205,"STRI2024"
"ISL","..............",,,"STRI2024"
"ISL","Motion pictures",.3262509,.1957463,"STRI2024"
"ISL","Sound recording",.3504781,.1926607,"STRI2024"
"ISL","Computer services",.3953821,.1985865,"STRI2024"
"ISL","Construction",.4400447,.2202079,"STRI2024"
"ISL","..",,,"STRI2024"
"ISR",".",,,"STRI2024"
"ISR","Distribution services",.1550059,.1939113,"STRI2024"
"ISR","Storage and warehouse",.1937201,.2270441,"STRI2024"
"ISR","Legal services",.3000281,.3431566,"STRI2024"
"ISR","Commercial banking",.2123711,.2253487,"STRI2024"
"ISR","..............",,,"STRI2024"
"ISR","Sound recording",.2644247,.1926607,"STRI2024"
"ISR","Telecommunication",.3226621,.2323081,"STRI2024"
"ISR","Courier services",.4058558,.2521062,"STRI2024"
"ISR","Rail freight transport",1,.314982,"STRI2024"
"ISR","..",,,"STRI2024"
"ITA",".",,,"STRI2024"
"ITA","Legal services",.1988003,.3431566,"STRI2024"
"ITA","Rail freight transport",.1892938,.314982,"STRI2024"
"ITA","Courier services",.1792811,.2521062,"STRI2024"
"ITA","Telecommunication",.1681043,.2323081,"STRI2024"
"ITA","..............",,,"STRI2024"
"ITA","Architecture services",.3392656,.2411866,"STRI2024"
"ITA","Sound recording",.2756347,.1926607,"STRI2024"
"ITA","Accounting services",.5039358,.3222739,"STRI2024"
"ITA","Engineering services",.386046,.2150542,"STRI2024"
"ITA","..",,,"STRI2024"
"JPN",".",,,"STRI2024"
"JPN","Engineering services",.0449729,.2150542,"STRI2024"
"JPN","Sound recording",.0484669,.1926607,"STRI2024"
"JPN","Motion pictures",.0633506,.1957463,"STRI2024"
"JPN","Computer services",.0713854,.1985865,"STRI2024"
"JPN","..............",,,"STRI2024"
"JPN","Broadcasting",.3064944,.3040617,"STRI2024"
"JPN","Air transport",.4509642,.3991205,"STRI2024"
"JPN","Freight-forwarding",.2593939,.2036601,"STRI2024"
"JPN","Legal services",.5177618,.3431566,"STRI2024"
"JPN","..",,,"STRI2024"
"KAZ",".",,,"STRI2024"
"KAZ","Legal services",.1638392,.3431566,"STRI2024"
"KAZ","Accounting services",.2617317,.3222739,"STRI2024"
"KAZ","Architecture services",.2131111,.2411866,"STRI2024"
"KAZ","Road freight transport",.2208128,.2135189,"STRI2024"
"KAZ","..............",,,"STRI2024"
"KAZ","Commercial banking",.3250859,.2253487,"STRI2024"
"KAZ","Distribution services",.3348238,.1939113,"STRI2024"
"KAZ","Telecommunication",.5985175,.2323081,"STRI2024"
"KAZ","Rail freight transport",1,.314982,"STRI2024"
"KAZ","..",,,"STRI2024"
"KOR",".",,,"STRI2024"
"KOR","Insurance",.1162105,.208546,"STRI2024"
"KOR","Storage and warehouse",.1403413,.2270441,"STRI2024"
"KOR","Engineering services",.1628719,.2150542,"STRI2024"
"KOR","Cargo-handling",.1834304,.2335852,"STRI2024"
"KOR","..............",,,"STRI2024"
"KOR","Legal services",.5246977,.3431566,"STRI2024"
"KOR","Courier services",.4160337,.2521062,"STRI2024"
"KOR","Accounting services",1,.3222739,"STRI2024"
"KOR","Rail freight transport",1,.314982,"STRI2024"
"KOR","..",,,"STRI2024"
"LTU",".",,,"STRI2024"
"LTU","Accounting services",.1557675,.3222739,"STRI2024"
"LTU","Broadcasting",.1501669,.3040617,"STRI2024"
"LTU","Courier services",.1261335,.2521062,"STRI2024"
"LTU","Rail freight transport",.1783296,.314982,"STRI2024"
"LTU","..............",,,"STRI2024"
"LTU","Computer services",.1728588,.1985865,"STRI2024"
"LTU","Road freight transport",.1935025,.2135189,"STRI2024"
"LTU","Air transport",.3931613,.3991205,"STRI2024"
"LTU","Legal services",.4134409,.3431566,"STRI2024"
"LTU","..",,,"STRI2024"
"LUX",".",,,"STRI2024"
"LUX","Rail freight transport",.1428571,.314982,"STRI2024"
"LUX","Cargo-handling",.1091969,.2335852,"STRI2024"
"LUX","Broadcasting",.1566698,.3040617,"STRI2024"
"LUX","Courier services",.1325335,.2521062,"STRI2024"
"LUX","..............",,,"STRI2024"
"LUX","Distribution services",.1772307,.1939113,"STRI2024"
"LUX","Engineering services",.2009693,.2150542,"STRI2024"
"LUX","Architecture services",.2331606,.2411866,"STRI2024"
"LUX","Air transport",.4201395,.3991205,"STRI2024"
"LUX","..",,,"STRI2024"
"LVA",".",,,"STRI2024"
"LVA","Legal services",.1152873,.3431566,"STRI2024"
"LVA","Accounting services",.1372994,.3222739,"STRI2024"
"LVA","Cargo-handling",.1175576,.2335852,"STRI2024"
"LVA","Storage and warehouse",.1242833,.2270441,"STRI2024"
"LVA","..............",,,"STRI2024"
"LVA","Insurance",.1427743,.208546,"STRI2024"
"LVA","Computer services",.1436491,.1985865,"STRI2024"
"LVA","Road freight transport",.1650272,.2135189,"STRI2024"
"LVA","Air transport",.4027111,.3991205,"STRI2024"
"LVA","..",,,"STRI2024"
"MEX",".",,,"STRI2024"
"MEX","Legal services",.1932702,.3431566,"STRI2024"
"MEX","Accounting services",.2403875,.3222739,"STRI2024"
"MEX","Telecommunication",.2078736,.2323081,"STRI2024"
"MEX","Rail freight transport",.2918413,.314982,"STRI2024"
"MEX","..............",,,"STRI2024"
"MEX","Courier services",.4341168,.2521062,"STRI2024"
"MEX","Broadcasting",.6232566,.3040617,"STRI2024"
"MEX","Road freight transport",.4776081,.2135189,"STRI2024"
"MEX","Customs brokerage",.9999999,.2221667,"STRI2024"
"MEX","..",,,"STRI2024"
"MYS",".",,,"STRI2024"
"MYS","Commercial banking",.2006873,.2253487,"STRI2024"
"MYS","Storage and warehouse",.2161263,.2270441,"STRI2024"
"MYS","Sound recording",.1880426,.1926607,"STRI2024"
"MYS","Accounting services",.3147139,.3222739,"STRI2024"
"MYS","..............",,,"STRI2024"
"MYS","Engineering services",.2785167,.2150542,"STRI2024"
"MYS","Road freight transport",.2837173,.2135189,"STRI2024"
"MYS","Distribution services",.3432316,.1939113,"STRI2024"
"MYS","Legal services",.6395164,.3431566,"STRI2024"
"MYS","..",,,"STRI2024"
"NLD",".",,,"STRI2024"
"NLD","Rail freight transport",.0935182,.314982,"STRI2024"
"NLD","Courier services",.0794841,.2521062,"STRI2024"
"NLD","Insurance",.0703664,.208546,"STRI2024"
"NLD","Broadcasting",.1210747,.3040617,"STRI2024"
"NLD","..............",,,"STRI2024"
"NLD","Distribution services",.1284587,.1939113,"STRI2024"
"NLD","Road freight transport",.1606265,.2135189,"STRI2024"
"NLD","Telecommunication",.1773304,.2323081,"STRI2024"
"NLD","Air transport",.3751227,.3991205,"STRI2024"
"NLD","..",,,"STRI2024"
"NOR",".",,,"STRI2024"
"NOR","Legal services",.2197957,.3431566,"STRI2024"
"NOR","Rail freight transport",.2302483,.314982,"STRI2024"
"NOR","Architecture services",.1770669,.2411866,"STRI2024"
"NOR","Customs brokerage",.1673749,.2221667,"STRI2024"
"NOR","..............",,,"STRI2024"
"NOR","Cargo-handling",.2761591,.2335852,"STRI2024"
"NOR","Road freight transport",.2724566,.2135189,"STRI2024"
"NOR","Air transport",.5231716,.3991205,"STRI2024"
"NOR","Insurance",.2902112,.208546,"STRI2024"
"NOR","..",,,"STRI2024"
"NZL",".",,,"STRI2024"
"NZL","Broadcasting",.1796868,.3040617,"STRI2024"
"NZL","Accounting services",.1980018,.3222739,"STRI2024"
"NZL","Legal services",.2117349,.3431566,"STRI2024"
"NZL","Insurance",.1316599,.208546,"STRI2024"
"NZL","..............",,,"STRI2024"
"NZL","Commercial banking",.2226804,.2253487,"STRI2024"
"NZL","Storage and warehouse",.2306826,.2270441,"STRI2024"
"NZL","Cargo-handling",.2584241,.2335852,"STRI2024"
"NZL","Freight-forwarding",.2266667,.2036601,"STRI2024"
"NZL","..",,,"STRI2024"
"PER",".",,,"STRI2024"
"PER","Legal services",.1438748,.3431566,"STRI2024"
"PER","Rail freight transport",.1802644,.314982,"STRI2024"
"PER","Accounting services",.1846806,.3222739,"STRI2024"
"PER","Telecommunication",.1528441,.2323081,"STRI2024"
"PER","..............",,,"STRI2024"
"PER","Cargo-handling",.2944008,.2335852,"STRI2024"
"PER","Storage and warehouse",.2953413,.2270441,"STRI2024"
"PER","Freight-forwarding",.2872727,.2036601,"STRI2024"
"PER","Broadcasting",.5921109,.3040617,"STRI2024"
"PER","..",,,"STRI2024"
"PHL",".",,,"STRI2024"
"PHL","Air transport",.2181871,.3991205,"STRI2024"
"PHL","Road freight transport",.1839244,.2135189,"STRI2024"
"PHL","Computer services",.1984229,.1985865,"STRI2024"
"PHL","Freight-forwarding",.2121212,.2036601,"STRI2024"
"PHL","..............",,,"STRI2024"
"PHL","Engineering services",.6591523,.2150542,"STRI2024"
"PHL","Rail freight transport",1,.314982,"STRI2024"
"PHL","Architecture services",1,.2411866,"STRI2024"
"PHL","Customs brokerage",.9999999,.2221667,"STRI2024"
"PHL","..",,,"STRI2024"
"POL",".",,,"STRI2024"
"POL","Telecommunication",.1407151,.2323081,"STRI2024"
"POL","Customs brokerage",.1357413,.2221667,"STRI2024"
"POL","Rail freight transport",.1960658,.314982,"STRI2024"
"POL","Storage and warehouse",.171041,.2270441,"STRI2024"
"POL","..............",,,"STRI2024"
"POL","Broadcasting",.3967656,.3040617,"STRI2024"
"POL","Construction",.2879845,.2202079,"STRI2024"
"POL","Engineering services",.3298016,.2150542,"STRI2024"
"POL","Legal services",1,.3431566,"STRI2024"
"POL","..",,,"STRI2024"
"PRT",".",,,"STRI2024"
"PRT","Rail freight transport",.1173815,.314982,"STRI2024"
"PRT","Courier services",.0973909,.2521062,"STRI2024"
"PRT","Legal services",.1340332,.3431566,"STRI2024"
"PRT","Broadcasting",.1197057,.3040617,"STRI2024"
"PRT","..............",,,"STRI2024"
"PRT","Road freight transport",.1579084,.2135189,"STRI2024"
"PRT","Insurance",.169313,.208546,"STRI2024"
"PRT","Air transport",.3915961,.3991205,"STRI2024"
"PRT","Engineering services",.2982416,.2150542,"STRI2024"
"PRT","..",,,"STRI2024"
"RUS",".",,,"STRI2024"
"RUS","Legal services",.2649733,.3431566,"STRI2024"
"RUS","Accounting services",.3717832,.3222739,"STRI2024"
"RUS","Air transport",.5974481,.3991205,"STRI2024"
"RUS","Architecture services",.3723812,.2411866,"STRI2024"
"RUS","..............",,,"STRI2024"
"RUS","Computer services",.4348346,.1985865,"STRI2024"
"RUS","Rail freight transport",.99426,.314982,"STRI2024"
"RUS","Cargo-handling",1,.2335852,"STRI2024"
"RUS","Storage and warehouse",1,.2270441,"STRI2024"
"RUS","..",,,"STRI2024"
"SGP",".",,,"STRI2024"
"SGP","Accounting services",.1942174,.3222739,"STRI2024"
"SGP","Road freight transport",.158685,.2135189,"STRI2024"
"SGP","Architecture services",.1953143,.2411866,"STRI2024"
"SGP","Courier services",.2194815,.2521062,"STRI2024"
"SGP","..............",,,"STRI2024"
"SGP","Commercial banking",.2625429,.2253487,"STRI2024"
"SGP","Broadcasting",.3709249,.3040617,"STRI2024"
"SGP","Engineering services",.2625113,.2150542,"STRI2024"
"SGP","Freight-forwarding",.270303,.2036601,"STRI2024"
"SGP","..",,,"STRI2024"
"SVK",".",,,"STRI2024"
"SVK","Accounting services",.1459279,.3222739,"STRI2024"
"SVK","Cargo-handling",.110717,.2335852,"STRI2024"
"SVK","Insurance",.1181007,.208546,"STRI2024"
"SVK","Rail freight transport",.178652,.314982,"STRI2024"
"SVK","..............",,,"STRI2024"
"SVK","Construction",.1978431,.2202079,"STRI2024"
"SVK","Air transport",.4160013,.3991205,"STRI2024"
"SVK","Architecture services",.3919802,.2411866,"STRI2024"
"SVK","Engineering services",.4693418,.2150542,"STRI2024"
"SVK","..",,,"STRI2024"
"SVN",".",,,"STRI2024"
"SVN","Insurance",.1335501,.208546,"STRI2024"
"SVN","Rail freight transport",.2244437,.314982,"STRI2024"
"SVN","Courier services",.1811143,.2521062,"STRI2024"
"SVN","Broadcasting",.2207581,.3040617,"STRI2024"
"SVN","..............",,,"STRI2024"
"SVN","Maritime transport",.3415987,.2597716,"STRI2024"
"SVN","Architecture services",.3261996,.2411866,"STRI2024"
"SVN","Legal services",.4830818,.3431566,"STRI2024"
"SVN","Engineering services",.3656447,.2150542,"STRI2024"
"SVN","..",,,"STRI2024"
"SWE",".",,,"STRI2024"
"SWE","Legal services",.1467804,.3431566,"STRI2024"
"SWE","Broadcasting",.212715,.3040617,"STRI2024"
"SWE","Telecommunication",.1625774,.2323081,"STRI2024"
"SWE","Architecture services",.1709845,.2411866,"STRI2024"
"SWE","..............",,,"STRI2024"
"SWE","Cargo-handling",.253357,.2335852,"STRI2024"
"SWE","Computer services",.2191193,.1985865,"STRI2024"
"SWE","Insurance",.2347396,.208546,"STRI2024"
"SWE","Maritime transport",.3190864,.2597716,"STRI2024"
"SWE","..",,,"STRI2024"
"THA",".",,,"STRI2024"
"THA","Broadcasting",.3760589,.3040617,"STRI2024"
"THA","Air transport",.5825397,.3991205,"STRI2024"
"THA","Motion pictures",.2873788,.1957463,"STRI2024"
"THA","Sound recording",.2900319,.1926607,"STRI2024"
"THA","..............",,,"STRI2024"
"THA","Storage and warehouse",.4575768,.2270441,"STRI2024"
"THA","Insurance",.5446848,.208546,"STRI2024"
"THA","Accounting services",1,.3222739,"STRI2024"
"THA","Rail freight transport",1,.314982,"STRI2024"
"THA","..",,,"STRI2024"
"TUR",".",,,"STRI2024"
"TUR","Rail freight transport",.2150919,.314982,"STRI2024"
"TUR","Insurance",.1540148,.208546,"STRI2024"
"TUR","Engineering services",.1813571,.2150542,"STRI2024"
"TUR","Distribution services",.1761376,.1939113,"STRI2024"
"TUR","..............",,,"STRI2024"
"TUR","Broadcasting",.4534954,.3040617,"STRI2024"
"TUR","Legal services",.527041,.3431566,"STRI2024"
"TUR","Courier services",.4364422,.2521062,"STRI2024"
"TUR","Accounting services",.6180745,.3222739,"STRI2024"
"TUR","..",,,"STRI2024"
"USA",".",,,"STRI2024"
"USA","Broadcasting",.1128604,.3040617,"STRI2024"
"USA","Rail freight transport",.1431796,.314982,"STRI2024"
"USA","Legal services",.174993,.3431566,"STRI2024"
"USA","Accounting services",.1702997,.3222739,"STRI2024"
"USA","..............",,,"STRI2024"
"USA","Air transport",.5163541,.3991205,"STRI2024"
"USA","Insurance",.2755179,.208546,"STRI2024"
"USA","Maritime transport",.3559543,.2597716,"STRI2024"
"USA","Courier services",.3495242,.2521062,"STRI2024"
"USA","..",,,"STRI2024"
"VNM",".",,,"STRI2024"
"VNM","Accounting services",.271874,.3222739,"STRI2024"
"VNM","Architecture services",.2167155,.2411866,"STRI2024"
"VNM","Engineering services",.2306132,.2150542,"STRI2024"
"VNM","Broadcasting",.3541542,.3040617,"STRI2024"
"VNM","..............",,,"STRI2024"
"VNM","Commercial banking",.3993127,.2253487,"STRI2024"
"VNM","Cargo-handling",.4621232,.2335852,"STRI2024"
"VNM","Insurance",.4748475,.208546,"STRI2024"
"VNM","Telecommunication",.7110462,.2323081,"STRI2024"
"VNM","..",,,"STRI2024"
"ZAF",".",,,"STRI2024"
"ZAF","Insurance",.1477897,.208546,"STRI2024"
"ZAF","Road freight transport",.1606265,.2135189,"STRI2024"
"ZAF","Accounting services",.2523463,.3222739,"STRI2024"
"ZAF","Computer services",.1570625,.1985865,"STRI2024"
"ZAF","..............",,,"STRI2024"
"ZAF","Commercial banking",.2584192,.2253487,"STRI2024"
"ZAF","Freight-forwarding",.2545455,.2036601,"STRI2024"
"ZAF","Broadcasting",.3947121,.3040617,"STRI2024"
"ZAF","Courier services",.4283568,.2521062,"STRI2024"
"ZAF","..",,,"STRI2024"
"AUS",".",,,"STRI2025"
"AUS","Legal services",.1652451,.3456834,"STRI2025"
"AUS","Rail freight transport",.1599484,.3154092,"STRI2025"
"AUS","Road freight transport",.1417292,.2201109,"STRI2025"
"AUS","Accounting services",.2117772,.3227485,"STRI2025"
"AUS","..............",,,"STRI2025"
"AUS","Construction",.232923,.2271982,"STRI2025"
"AUS","Sound recording",.2005715,.1948988,"STRI2025"
"AUS","Architecture services",.2665015,.2481198,"STRI2025"
"AUS","Courier services",.3862016,.2617029,"STRI2025"
"AUS","..",,,"STRI2025"
"AUT",".",,,"STRI2025"
"AUT","Courier services",.1203555,.2617029,"STRI2025"
"AUT","Rail freight transport",.17188,.3154092,"STRI2025"
"AUT","Commercial banking",.1628866,.2297779,"STRI2025"
"AUT","Telecommunication",.1734043,.2376529,"STRI2025"
"AUT","..............",,,"STRI2025"
"AUT","Storage and warehouse",.2433276,.2311811,"STRI2025"
"AUT","Computer services",.2194954,.2045424,"STRI2025"
"AUT","Legal services",.3880401,.3456834,"STRI2025"
"AUT","Freight-forwarding",.2509091,.2084848,"STRI2025"
"AUT","..",,,"STRI2025"
"BEL",".",,,"STRI2025"
"BEL","Insurance",.1104642,.2118651,"STRI2025"
"BEL","Legal services",.1923329,.3456834,"STRI2025"
"BEL","Rail freight transport",.2015479,.3154092,"STRI2025"
"BEL","Broadcasting",.214683,.3007928,"STRI2025"
"BEL","..............",,,"STRI2025"
"BEL","Accounting services",.3487738,.3227485,"STRI2025"
"BEL","Architecture services",.2820455,.2481198,"STRI2025"
"BEL","Sound recording",.2239807,.1948988,"STRI2025"
"BEL","Computer services",.246896,.2045424,"STRI2025"
"BEL","..",,,"STRI2025"
"BRA",".",,,"STRI2025"
"BRA","Air transport",.2113166,.4032187,"STRI2025"
"BRA","Rail freight transport",.2167043,.3154092,"STRI2025"
"BRA","Architecture services",.2059022,.2481198,"STRI2025"
"BRA","Customs brokerage",.2011331,.2270738,"STRI2025"
"BRA","..............",,,"STRI2025"
"BRA","Insurance",.2988558,.2118651,"STRI2025"
"BRA","Broadcasting",.4469924,.3007928,"STRI2025"
"BRA","Motion pictures",.3360423,.1964898,"STRI2025"
"BRA","Courier services",.498074,.2617029,"STRI2025"
"BRA","..",,,"STRI2025"
"CAN",".",,,"STRI2025"
"CAN","Rail freight transport",.1425347,.3154092,"STRI2025"
"CAN","Legal services",.1811791,.3456834,"STRI2025"
"CAN","Storage and warehouse",.1751706,.2311811,"STRI2025"
"CAN","Maritime transport",.206199,.270388,"STRI2025"
"CAN","..............",,,"STRI2025"
"CAN","Motion pictures",.2159013,.1964898,"STRI2025"
"CAN","Distribution services",.2385433,.1959514,"STRI2025"
"CAN","Telecommunication",.2953866,.2376529,"STRI2025"
"CAN","Courier services",.3807461,.2617029,"STRI2025"
"CAN","..",,,"STRI2025"
"CHE",".",,,"STRI2025"
"CHE","Architecture services",.1948637,.2481198,"STRI2025"
"CHE","Rail freight transport",.2508868,.3154092,"STRI2025"
"CHE","Legal services",.2775331,.3456834,"STRI2025"
"CHE","Distribution services",.1597383,.1959514,"STRI2025"
"CHE","..............",,,"STRI2025"
"CHE","Computer services",.2424793,.2045424,"STRI2025"
"CHE","Freight-forwarding",.2484848,.2084848,"STRI2025"
"CHE","Broadcasting",.3782836,.3007928,"STRI2025"
"CHE","Courier services",.3573706,.2617029,"STRI2025"
"CHE","..",,,"STRI2025"
"CHL",".",,,"STRI2025"
"CHL","Accounting services",.1058129,.3227485,"STRI2025"
"CHL","Legal services",.1215672,.3456834,"STRI2025"
"CHL","Air transport",.150065,.4032187,"STRI2025"
"CHL","Architecture services",.1432755,.2481198,"STRI2025"
"CHL","..............",,,"STRI2025"
"CHL","Sound recording",.1704583,.1948988,"STRI2025"
"CHL","Telecommunication",.2234682,.2376529,"STRI2025"
"CHL","Broadcasting",.2993069,.3007928,"STRI2025"
"CHL","Courier services",.4564016,.2617029,"STRI2025"
"CHL","..",,,"STRI2025"
"CHN",".",,,"STRI2025"
"CHN","Road freight transport",.1626974,.2201109,"STRI2025"
"CHN","Distribution services",.1478211,.1959514,"STRI2025"
"CHN","Rail freight transport",.2508868,.3154092,"STRI2025"
"CHN","Engineering services",.1900361,.2207138,"STRI2025"
"CHN","..............",,,"STRI2025"
"CHN","Sound recording",.4758765,.1948988,"STRI2025"
"CHN","Telecommunication",.6156389,.2376529,"STRI2025"
"CHN","Motion pictures",.5163028,.1964898,"STRI2025"
"CHN","Courier services",.7609916,.2617029,"STRI2025"
"CHN","..",,,"STRI2025"
"COL",".",,,"STRI2025"
"COL","Legal services",.1359078,.3456834,"STRI2025"
"COL","Rail freight transport",.2060626,.3154092,"STRI2025"
"COL","Air transport",.2669443,.4032187,"STRI2025"
"COL","Accounting services",.2446261,.3227485,"STRI2025"
"COL","..............",,,"STRI2025"
"COL","Commercial banking",.2756014,.2297779,"STRI2025"
"COL","Motion pictures",.245961,.1964898,"STRI2025"
"COL","Freight-forwarding",.2715151,.2084848,"STRI2025"
"COL","Broadcasting",.6277916,.3007928,"STRI2025"
"COL","..",,,"STRI2025"
"CRI",".",,,"STRI2025"
"CRI","Legal services",.0889493,.3456834,"STRI2025"
"CRI","Air transport",.2202032,.4032187,"STRI2025"
"CRI","Courier services",.1474122,.2617029,"STRI2025"
"CRI","Telecommunication",.1397697,.2376529,"STRI2025"
"CRI","..............",,,"STRI2025"
"CRI","Freight-forwarding",.2133333,.2084848,"STRI2025"
"CRI","Storage and warehouse",.2432082,.2311811,"STRI2025"
"CRI","Cargo-handling",.2622245,.2393005,"STRI2025"
"CRI","Road freight transport",.2913539,.2201109,"STRI2025"
"CRI","..",,,"STRI2025"
"CZE",".",,,"STRI2025"
"CZE","Courier services",.1163126,.2617029,"STRI2025"
"CZE","Accounting services",.1441114,.3227485,"STRI2025"
"CZE","Commercial banking",.1037801,.2297779,"STRI2025"
"CZE","Storage and warehouse",.1071672,.2311811,"STRI2025"
"CZE","..............",,,"STRI2025"
"CZE","Construction",.1695595,.2271982,"STRI2025"
"CZE","Engineering services",.1662534,.2207138,"STRI2025"
"CZE","Legal services",.2672228,.3456834,"STRI2025"
"CZE","Air transport",.4032681,.4032187,"STRI2025"
"CZE","..",,,"STRI2025"
"DEU",".",,,"STRI2025"
"DEU","Courier services",.1023505,.2617029,"STRI2025"
"DEU","Insurance",.0994506,.2118651,"STRI2025"
"DEU","Telecommunication",.1185541,.2376529,"STRI2025"
"DEU","Cargo-handling",.1251584,.2393005,"STRI2025"
"DEU","..............",,,"STRI2025"
"DEU","Engineering services",.1609558,.2207138,"STRI2025"
"DEU","Computer services",.1601619,.2045424,"STRI2025"
"DEU","Road freight transport",.2026922,.2201109,"STRI2025"
"DEU","Air transport",.3729475,.4032187,"STRI2025"
"DEU","..",,,"STRI2025"
"DNK",".",,,"STRI2025"
"DNK","Courier services",.1547779,.2617029,"STRI2025"
"DNK","Rail freight transport",.1889713,.3154092,"STRI2025"
"DNK","Telecommunication",.1427759,.2376529,"STRI2025"
"DNK","Broadcasting",.1811414,.3007928,"STRI2025"
"DNK","..............",,,"STRI2025"
"DNK","Maritime transport",.2489396,.270388,"STRI2025"
"DNK","Air transport",.3878558,.4032187,"STRI2025"
"DNK","Computer services",.2020686,.2045424,"STRI2025"
"DNK","Road freight transport",.2395806,.2201109,"STRI2025"
"DNK","..",,,"STRI2025"
"ESP",".",,,"STRI2025"
"ESP","Commercial banking",.0611684,.2297779,"STRI2025"
"ESP","Cargo-handling",.085888,.2393005,"STRI2025"
"ESP","Telecommunication",.0909985,.2376529,"STRI2025"
"ESP","Sound recording",.0764919,.1948988,"STRI2025"
"ESP","..............",,,"STRI2025"
"ESP","Insurance",.1405061,.2118651,"STRI2025"
"ESP","Accounting services",.2282773,.3227485,"STRI2025"
"ESP","Road freight transport",.1571318,.2201109,"STRI2025"
"ESP","Air transport",.3501605,.4032187,"STRI2025"
"ESP","..",,,"STRI2025"
"EST",".",,,"STRI2025"
"EST","Insurance",.0588487,.2118651,"STRI2025"
"EST","Courier services",.1458736,.2617029,"STRI2025"
"EST","Customs brokerage",.1286591,.2270738,"STRI2025"
"EST","Storage and warehouse",.1310751,.2311811,"STRI2025"
"EST","..............",,,"STRI2025"
"EST","Maritime transport",.2815661,.270388,"STRI2025"
"EST","Construction",.2429138,.2271982,"STRI2025"
"EST","Architecture services",.2951115,.2481198,"STRI2025"
"EST","Legal services",.4143781,.3456834,"STRI2025"
"EST","..",,,"STRI2025"
"FIN",".",,,"STRI2025"
"FIN","Legal services",.1266285,.3456834,"STRI2025"
"FIN","Accounting services",.2129882,.3227485,"STRI2025"
"FIN","Broadcasting",.2354753,.3007928,"STRI2025"
"FIN","Telecommunication",.1861391,.2376529,"STRI2025"
"FIN","..............",,,"STRI2025"
"FIN","Construction",.2526808,.2271982,"STRI2025"
"FIN","Insurance",.2410656,.2118651,"STRI2025"
"FIN","Road freight transport",.2551126,.2201109,"STRI2025"
"FIN","Distribution services",.2283535,.1959514,"STRI2025"
"FIN","..",,,"STRI2025"
"FRA",".",,,"STRI2025"
"FRA","Courier services",.1008119,.2617029,"STRI2025"
"FRA","Insurance",.0969807,.2118651,"STRI2025"
"FRA","Customs brokerage",.1220491,.2270738,"STRI2025"
"FRA","Cargo-handling",.1383329,.2393005,"STRI2025"
"FRA","..............",,,"STRI2025"
"FRA","Motion pictures",.2257906,.1964898,"STRI2025"
"FRA","Accounting services",.3808658,.3227485,"STRI2025"
"FRA","Architecture services",.3084028,.2481198,"STRI2025"
"FRA","Legal services",.4664917,.3456834,"STRI2025"
"FRA","..",,,"STRI2025"
"GBR",".",,,"STRI2025"
"GBR","Legal services",.1159434,.3456834,"STRI2025"
"GBR","Telecommunication",.102213,.2376529,"STRI2025"
"GBR","Rail freight transport",.1551113,.3154092,"STRI2025"
"GBR","Courier services",.1294562,.2617029,"STRI2025"
"GBR","..............",,,"STRI2025"
"GBR","Sound recording",.1330916,.1948988,"STRI2025"
"GBR","Accounting services",.2391765,.3227485,"STRI2025"
"GBR","Motion pictures",.1529423,.1964898,"STRI2025"
"GBR","Road freight transport",.1878074,.2201109,"STRI2025"
"GBR","..",,,"STRI2025"
"GRC",".",,,"STRI2025"
"GRC","Rail freight transport",.1631732,.3154092,"STRI2025"
"GRC","Courier services",.1620945,.2617029,"STRI2025"
"GRC","Cargo-handling",.1677223,.2393005,"STRI2025"
"GRC","Storage and warehouse",.1651877,.2311811,"STRI2025"
"GRC","..............",,,"STRI2025"
"GRC","Insurance",.2360754,.2118651,"STRI2025"
"GRC","Maritime transport",.3200653,.270388,"STRI2025"
"GRC","Distribution services",.2320547,.1959514,"STRI2025"
"GRC","Legal services",.4268441,.3456834,"STRI2025"
"GRC","..",,,"STRI2025"
"HUN",".",,,"STRI2025"
"HUN","Rail freight transport",.2009029,.3154092,"STRI2025"
"HUN","Broadcasting",.206212,.3007928,"STRI2025"
"HUN","Accounting services",.2222222,.3227485,"STRI2025"
"HUN","Courier services",.2163551,.2617029,"STRI2025"
"HUN","..............",,,"STRI2025"
"HUN","Distribution services",.243769,.1959514,"STRI2025"
"HUN","Computer services",.2699156,.2045424,"STRI2025"
"HUN","Engineering services",.3388188,.2207138,"STRI2025"
"HUN","Legal services",.7207798,.3456834,"STRI2025"
"HUN","..",,,"STRI2025"
"IDN",".",,,"STRI2025"
"IDN","Rail freight transport",.2605611,.3154092,"STRI2025"
"IDN","Architecture services",.2241496,.2481198,"STRI2025"
"IDN","Engineering services",.2107755,.2207138,"STRI2025"
"IDN","Customs brokerage",.2457507,.2270738,"STRI2025"
"IDN","..............",,,"STRI2025"
"IDN","Accounting services",.6671208,.3227485,"STRI2025"
"IDN","Insurance",.5074349,.2118651,"STRI2025"
"IDN","Telecommunication",.5865221,.2376529,"STRI2025"
"IDN","Legal services",.8719655,.3456834,"STRI2025"
"IDN","..",,,"STRI2025"
"IND",".",,,"STRI2025"
"IND","Engineering services",.1553201,.2207138,"STRI2025"
"IND","Computer services",.1535598,.2045424,"STRI2025"
"IND","Road freight transport",.1853482,.2201109,"STRI2025"
"IND","Construction",.204151,.2271982,"STRI2025"
"IND","..............",,,"STRI2025"
"IND","Architecture services",.5370579,.2481198,"STRI2025"
"IND","Accounting services",.7620345,.3227485,"STRI2025"
"IND","Legal services",.8653108,.3456834,"STRI2025"
"IND","Rail freight transport",1,.3154092,"STRI2025"
"IND","..",,,"STRI2025"
"IRL",".",,,"STRI2025"
"IRL","Insurance",.110439,.2118651,"STRI2025"
"IRL","Legal services",.1923329,.3456834,"STRI2025"
"IRL","Telecommunication",.1376756,.2376529,"STRI2025"
"IRL","Rail freight transport",.186714,.3154092,"STRI2025"
"IRL","..............",,,"STRI2025"
"IRL","Sound recording",.1755138,.1948988,"STRI2025"
"IRL","Freight-forwarding",.1927273,.2084848,"STRI2025"
"IRL","Air transport",.3872987,.4032187,"STRI2025"
"IRL","Computer services",.2012534,.2045424,"STRI2025"
"IRL","..",,,"STRI2025"
"ISL",".",,,"STRI2025"
"ISL","Legal services",.3545787,.3456834,"STRI2025"
"ISL","Accounting services",.3389343,.3227485,"STRI2025"
"ISL","Courier services",.2931876,.2617029,"STRI2025"
"ISL","Air transport",.4626893,.4032187,"STRI2025"
"ISL","..............",,,"STRI2025"
"ISL","Motion pictures",.3262509,.1964898,"STRI2025"
"ISL","Sound recording",.3504781,.1948988,"STRI2025"
"ISL","Computer services",.3953821,.2045424,"STRI2025"
"ISL","Construction",.4736188,.2271982,"STRI2025"
"ISL","..",,,"STRI2025"
"ISR",".",,,"STRI2025"
"ISR","Distribution services",.1489223,.1959514,"STRI2025"
"ISR","Storage and warehouse",.186587,.2311811,"STRI2025"
"ISR","Legal services",.2939357,.3456834,"STRI2025"
"ISR","Cargo-handling",.2102863,.2393005,"STRI2025"
"ISR","..............",,,"STRI2025"
"ISR","Sound recording",.2468403,.1948988,"STRI2025"
"ISR","Telecommunication",.3170417,.2376529,"STRI2025"
"ISR","Courier services",.3976986,.2617029,"STRI2025"
"ISR","Rail freight transport",1,.3154092,"STRI2025"
"ISR","..",,,"STRI2025"
"ITA",".",,,"STRI2025"
"ITA","Legal services",.1988003,.3456834,"STRI2025"
"ITA","Rail freight transport",.1892938,.3154092,"STRI2025"
"ITA","Courier services",.1792811,.2617029,"STRI2025"
"ITA","Telecommunication",.1681043,.2376529,"STRI2025"
"ITA","..............",,,"STRI2025"
"ITA","Sound recording",.2629959,.1948988,"STRI2025"
"ITA","Architecture services",.3392656,.2481198,"STRI2025"
"ITA","Accounting services",.5039358,.3227485,"STRI2025"
"ITA","Engineering services",.386046,.2207138,"STRI2025"
"ITA","..",,,"STRI2025"
"JPN",".",,,"STRI2025"
"JPN","Engineering services",.0449729,.2207138,"STRI2025"
"JPN","Sound recording",.0484669,.1948988,"STRI2025"
"JPN","Motion pictures",.0521884,.1964898,"STRI2025"
"JPN","Computer services",.0713854,.2045424,"STRI2025"
"JPN","..............",,,"STRI2025"
"JPN","Broadcasting",.3064944,.3007928,"STRI2025"
"JPN","Air transport",.4297424,.4032187,"STRI2025"
"JPN","Freight-forwarding",.2642424,.2084848,"STRI2025"
"JPN","Legal services",.5177618,.3456834,"STRI2025"
"JPN","..",,,"STRI2025"
"KAZ",".",,,"STRI2025"
"KAZ","Legal services",.1910207,.3456834,"STRI2025"
"KAZ","Accounting services",.2826219,.3227485,"STRI2025"
"KAZ","Architecture services",.2333859,.2481198,"STRI2025"
"KAZ","Air transport",.4517336,.4032187,"STRI2025"
"KAZ","..............",,,"STRI2025"
"KAZ","Commercial banking",.3553265,.2297779,"STRI2025"
"KAZ","Distribution services",.3577948,.1959514,"STRI2025"
"KAZ","Telecommunication",.6177189,.2376529,"STRI2025"
"KAZ","Rail freight transport",1,.3154092,"STRI2025"
"KAZ","..",,,"STRI2025"
"KOR",".",,,"STRI2025"
"KOR","Insurance",.1416654,.2118651,"STRI2025"
"KOR","Engineering services",.1628719,.2207138,"STRI2025"
"KOR","Storage and warehouse",.186041,.2311811,"STRI2025"
"KOR","Computer services",.1682634,.2045424,"STRI2025"
"KOR","..............",,,"STRI2025"
"KOR","Legal services",.5246977,.3456834,"STRI2025"
"KOR","Courier services",.4160337,.2617029,"STRI2025"
"KOR","Accounting services",1,.3227485,"STRI2025"
"KOR","Rail freight transport",1,.3154092,"STRI2025"
"KOR","..",,,"STRI2025"
"LTU",".",,,"STRI2025"
"LTU","Courier services",.1261335,.2617029,"STRI2025"
"LTU","Accounting services",.1557675,.3227485,"STRI2025"
"LTU","Insurance",.1073895,.2118651,"STRI2025"
"LTU","Cargo-handling",.1337725,.2393005,"STRI2025"
"LTU","..............",,,"STRI2025"
"LTU","Computer services",.1728588,.2045424,"STRI2025"
"LTU","Road freight transport",.1935025,.2201109,"STRI2025"
"LTU","Air transport",.3931613,.4032187,"STRI2025"
"LTU","Legal services",.4134409,.3456834,"STRI2025"
"LTU","..",,,"STRI2025"
"LUX",".",,,"STRI2025"
"LUX","Cargo-handling",.1091969,.2393005,"STRI2025"
"LUX","Rail freight transport",.1596259,.3154092,"STRI2025"
"LUX","Courier services",.1325335,.2617029,"STRI2025"
"LUX","Broadcasting",.1566698,.3007928,"STRI2025"
"LUX","..............",,,"STRI2025"
"LUX","Computer services",.1869446,.2045424,"STRI2025"
"LUX","Road freight transport",.2037277,.2201109,"STRI2025"
"LUX","Architecture services",.2331606,.2481198,"STRI2025"
"LUX","Air transport",.3904289,.4032187,"STRI2025"
"LUX","..",,,"STRI2025"
"LVA",".",,,"STRI2025"
"LVA","Legal services",.1016965,.3456834,"STRI2025"
"LVA","Courier services",.1162144,.2617029,"STRI2025"
"LVA","Accounting services",.1477445,.3227485,"STRI2025"
"LVA","Cargo-handling",.1175576,.2393005,"STRI2025"
"LVA","..............",,,"STRI2025"
"LVA","Computer services",.1282289,.2045424,"STRI2025"
"LVA","Insurance",.1427743,.2118651,"STRI2025"
"LVA","Road freight transport",.1650272,.2201109,"STRI2025"
"LVA","Air transport",.4027111,.4032187,"STRI2025"
"LVA","..",,,"STRI2025"
"MEX",".",,,"STRI2025"
"MEX","Legal services",.1932702,.3456834,"STRI2025"
"MEX","Accounting services",.2403875,.3227485,"STRI2025"
"MEX","Telecommunication",.2078736,.2376529,"STRI2025"
"MEX","Rail freight transport",.2918413,.3154092,"STRI2025"
"MEX","..............",,,"STRI2025"
"MEX","Courier services",.4341168,.2617029,"STRI2025"
"MEX","Broadcasting",.6232566,.3007928,"STRI2025"
"MEX","Road freight transport",.4776081,.2201109,"STRI2025"
"MEX","Customs brokerage",.9999999,.2270738,"STRI2025"
"MEX","..",,,"STRI2025"
"MYS",".",,,"STRI2025"
"MYS","Commercial banking",.2006873,.2297779,"STRI2025"
"MYS","Courier services",.2472092,.2617029,"STRI2025"
"MYS","Sound recording",.1880426,.1948988,"STRI2025"
"MYS","Accounting services",.3147139,.3227485,"STRI2025"
"MYS","..............",,,"STRI2025"
"MYS","Engineering services",.2904644,.2207138,"STRI2025"
"MYS","Road freight transport",.2974372,.2201109,"STRI2025"
"MYS","Distribution services",.3432316,.1959514,"STRI2025"
"MYS","Legal services",.6395164,.3456834,"STRI2025"
"MYS","..",,,"STRI2025"
"NLD",".",,,"STRI2025"
"NLD","Rail freight transport",.0935182,.3154092,"STRI2025"
"NLD","Courier services",.0794841,.2617029,"STRI2025"
"NLD","Insurance",.0703664,.2118651,"STRI2025"
"NLD","Broadcasting",.1022504,.3007928,"STRI2025"
"NLD","..............",,,"STRI2025"
"NLD","Distribution services",.1284587,.1959514,"STRI2025"
"NLD","Road freight transport",.1606265,.2201109,"STRI2025"
"NLD","Telecommunication",.1773304,.2376529,"STRI2025"
"NLD","Air transport",.3751227,.4032187,"STRI2025"
"NLD","..",,,"STRI2025"
"NOR",".",,,"STRI2025"
"NOR","Architecture services",.1770669,.2481198,"STRI2025"
"NOR","Legal services",.2494142,.3456834,"STRI2025"
"NOR","Telecommunication",.1715314,.2376529,"STRI2025"
"NOR","Rail freight transport",.2302483,.3154092,"STRI2025"
"NOR","..............",,,"STRI2025"
"NOR","Air transport",.4637504,.4032187,"STRI2025"
"NOR","Cargo-handling",.2761591,.2393005,"STRI2025"
"NOR","Road freight transport",.2724566,.2201109,"STRI2025"
"NOR","Insurance",.2820706,.2118651,"STRI2025"
"NOR","..",,,"STRI2025"
"NZL",".",,,"STRI2025"
"NZL","Broadcasting",.1698468,.3007928,"STRI2025"
"NZL","Accounting services",.1881623,.3227485,"STRI2025"
"NZL","Legal services",.2050801,.3456834,"STRI2025"
"NZL","Insurance",.1266193,.2118651,"STRI2025"
"NZL","..............",,,"STRI2025"
"NZL","Commercial banking",.2171821,.2297779,"STRI2025"
"NZL","Storage and warehouse",.2193686,.2311811,"STRI2025"
"NZL","Freight-forwarding",.2133333,.2084848,"STRI2025"
"NZL","Cargo-handling",.2520902,.2393005,"STRI2025"
"NZL","..",,,"STRI2025"
"PER",".",,,"STRI2025"
"PER","Legal services",.1397507,.3456834,"STRI2025"
"PER","Accounting services",.1998184,.3227485,"STRI2025"
"PER","Rail freight transport",.2247662,.3154092,"STRI2025"
"PER","Distribution services",.1452336,.1959514,"STRI2025"
"PER","..............",,,"STRI2025"
"PER","Freight-forwarding",.2884848,.2084848,"STRI2025"
"PER","Sound recording",.2762941,.1948988,"STRI2025"
"PER","Maritime transport",.3911908,.270388,"STRI2025"
"PER","Broadcasting",.5862069,.3007928,"STRI2025"
"PER","..",,,"STRI2025"
"PHL",".",,,"STRI2025"
"PHL","Air transport",.2181871,.4032187,"STRI2025"
"PHL","Road freight transport",.1839244,.2201109,"STRI2025"
"PHL","Computer services",.1984229,.2045424,"STRI2025"
"PHL","Freight-forwarding",.2121212,.2084848,"STRI2025"
"PHL","..............",,,"STRI2025"
"PHL","Engineering services",.6591523,.2207138,"STRI2025"
"PHL","Rail freight transport",1,.3154092,"STRI2025"
"PHL","Architecture services",1,.2481198,"STRI2025"
"PHL","Customs brokerage",.9999999,.2270738,"STRI2025"
"PHL","..",,,"STRI2025"
"POL",".",,,"STRI2025"
"POL","Telecommunication",.1332219,.2376529,"STRI2025"
"POL","Customs brokerage",.1357413,.2270738,"STRI2025"
"POL","Rail freight transport",.1960658,.3154092,"STRI2025"
"POL","Freight-forwarding",.1539394,.2084848,"STRI2025"
"POL","..............",,,"STRI2025"
"POL","Broadcasting",.3681013,.3007928,"STRI2025"
"POL","Construction",.2879845,.2271982,"STRI2025"
"POL","Engineering services",.3298016,.2207138,"STRI2025"
"POL","Legal services",1,.3456834,"STRI2025"
"POL","..",,,"STRI2025"
"PRT",".",,,"STRI2025"
"PRT","Courier services",.0973909,.2617029,"STRI2025"
"PRT","Rail freight transport",.1173815,.3154092,"STRI2025"
"PRT","Legal services",.1340332,.3456834,"STRI2025"
"PRT","Broadcasting",.1197057,.3007928,"STRI2025"
"PRT","..............",,,"STRI2025"
"PRT","Accounting services",.2431123,.3227485,"STRI2025"
"PRT","Insurance",.169313,.2118651,"STRI2025"
"PRT","Air transport",.3915961,.4032187,"STRI2025"
"PRT","Engineering services",.2982416,.2207138,"STRI2025"
"PRT","..",,,"STRI2025"
"RUS",".",,,"STRI2025"
"RUS","Legal services",.2649733,.3456834,"STRI2025"
"RUS","Accounting services",.3717832,.3227485,"STRI2025"
"RUS","Air transport",.5974481,.4032187,"STRI2025"
"RUS","Architecture services",.3723812,.2481198,"STRI2025"
"RUS","..............",,,"STRI2025"
"RUS","Sound recording",.4186174,.1948988,"STRI2025"
"RUS","Rail freight transport",.99426,.3154092,"STRI2025"
"RUS","Cargo-handling",1,.2393005,"STRI2025"
"RUS","Storage and warehouse",1,.2311811,"STRI2025"
"RUS","..",,,"STRI2025"
"SGP",".",,,"STRI2025"
"SGP","Accounting services",.1951256,.3227485,"STRI2025"
"SGP","Road freight transport",.1549314,.2201109,"STRI2025"
"SGP","Architecture services",.1989187,.2481198,"STRI2025"
"SGP","Courier services",.2104789,.2617029,"STRI2025"
"SGP","..............",,,"STRI2025"
"SGP","Broadcasting",.3521006,.3007928,"STRI2025"
"SGP","Engineering services",.2590171,.2207138,"STRI2025"
"SGP","Telecommunication",.2792008,.2376529,"STRI2025"
"SGP","Freight-forwarding",.2593939,.2084848,"STRI2025"
"SGP","..",,,"STRI2025"
"SVK",".",,,"STRI2025"
"SVK","Accounting services",.1459279,.3227485,"STRI2025"
"SVK","Cargo-handling",.110717,.2393005,"STRI2025"
"SVK","Insurance",.1181007,.2118651,"STRI2025"
"SVK","Rail freight transport",.178652,.3154092,"STRI2025"
"SVK","..............",,,"STRI2025"
"SVK","Construction",.1978431,.2271982,"STRI2025"
"SVK","Air transport",.4160013,.4032187,"STRI2025"
"SVK","Architecture services",.3919802,.2481198,"STRI2025"
"SVK","Engineering services",.4693418,.2207138,"STRI2025"
"SVK","..",,,"STRI2025"
"SVN",".",,,"STRI2025"
"SVN","Insurance",.1335501,.2118651,"STRI2025"
"SVN","Courier services",.176253,.2617029,"STRI2025"
"SVN","Broadcasting",.2109181,.3007928,"STRI2025"
"SVN","Rail freight transport",.2244437,.3154092,"STRI2025"
"SVN","..............",,,"STRI2025"
"SVN","Architecture services",.3014193,.2481198,"STRI2025"
"SVN","Maritime transport",.3380098,.270388,"STRI2025"
"SVN","Legal services",.476427,.3456834,"STRI2025"
"SVN","Engineering services",.3498648,.2207138,"STRI2025"
"SVN","..",,,"STRI2025"
"SWE",".",,,"STRI2025"
"SWE","Legal services",.1266285,.3456834,"STRI2025"
"SWE","Broadcasting",.1938906,.3007928,"STRI2025"
"SWE","Architecture services",.160847,.2481198,"STRI2025"
"SWE","Rail freight transport",.2286359,.3154092,"STRI2025"
"SWE","..............",,,"STRI2025"
"SWE","Computer services",.2036991,.2045424,"STRI2025"
"SWE","Air transport",.40165,.4032187,"STRI2025"
"SWE","Insurance",.2164928,.2118651,"STRI2025"
"SWE","Maritime transport",.303752,.270388,"STRI2025"
"SWE","..",,,"STRI2025"
"THA",".",,,"STRI2025"
"THA","Broadcasting",.3810217,.3007928,"STRI2025"
"THA","Air transport",.5873411,.4032187,"STRI2025"
"THA","Motion pictures",.2873788,.1964898,"STRI2025"
"THA","Sound recording",.2900319,.1948988,"STRI2025"
"THA","..............",,,"STRI2025"
"THA","Commercial banking",.4680412,.2297779,"STRI2025"
"THA","Insurance",.5475831,.2118651,"STRI2025"
"THA","Accounting services",1,.3227485,"STRI2025"
"THA","Rail freight transport",1,.3154092,"STRI2025"
"THA","..",,,"STRI2025"
"TUR",".",,,"STRI2025"
"TUR","Rail freight transport",.2534666,.3154092,"STRI2025"
"TUR","Insurance",.2046726,.2118651,"STRI2025"
"TUR","Engineering services",.2210325,.2207138,"STRI2025"
"TUR","Telecommunication",.2526841,.2376529,"STRI2025"
"TUR","..............",,,"STRI2025"
"TUR","Legal services",.5608773,.3456834,"STRI2025"
"TUR","Broadcasting",.500984,.3007928,"STRI2025"
"TUR","Courier services",.4688153,.2617029,"STRI2025"
"TUR","Accounting services",.6389646,.3227485,"STRI2025"
"TUR","..",,,"STRI2025"
"USA",".",,,"STRI2025"
"USA","Broadcasting",.1505091,.3007928,"STRI2025"
"USA","Rail freight transport",.1767172,.3154092,"STRI2025"
"USA","Legal services",.2021745,.3456834,"STRI2025"
"USA","Accounting services",.1911898,.3227485,"STRI2025"
"USA","..............",,,"STRI2025"
"USA","Air transport",.538637,.4032187,"STRI2025"
"USA","Insurance",.2937648,.2118651,"STRI2025"
"USA","Maritime transport",.3866231,.270388,"STRI2025"
"USA","Courier services",.3833688,.2617029,"STRI2025"
"USA","..",,,"STRI2025"
"VNM",".",,,"STRI2025"
"VNM","Accounting services",.271874,.3227485,"STRI2025"
"VNM","Architecture services",.2167155,.2481198,"STRI2025"
"VNM","Engineering services",.2306132,.2207138,"STRI2025"
"VNM","Broadcasting",.3541542,.3007928,"STRI2025"
"VNM","..............",,,"STRI2025"
"VNM","Commercial banking",.4,.2297779,"STRI2025"
"VNM","Cargo-handling",.4621232,.2393005,"STRI2025"
"VNM","Insurance",.4657241,.2118651,"STRI2025"
"VNM","Telecommunication",.7110462,.2376529,"STRI2025"
"VNM","..",,,"STRI2025"
"ZAF",".",,,"STRI2025"
"ZAF","Insurance",.1477897,.2118651,"STRI2025"
"ZAF","Road freight transport",.1606265,.2201109,"STRI2025"
"ZAF","Computer services",.1570625,.2045424,"STRI2025"
"ZAF","Accounting services",.2523463,.3227485,"STRI2025"
"ZAF","..............",,,"STRI2025"
"ZAF","Commercial banking",.2584192,.2297779,"STRI2025"
"ZAF","Freight-forwarding",.2545455,.2084848,"STRI2025"
"ZAF","Broadcasting",.3947121,.3007928,"STRI2025"
"ZAF","Courier services",.4283568,.2617029,"STRI2025"
"ZAF","..",,,"STRI2025"
